fips,cost_burdened
37001020100,36.2
37001020200,53.23
37001020301,67.61
37001020302,28.33
37001020400,39.83
37001020501,26.19
37001020502,59.36
37001020601,15.66
37001020602,28.29
37001020701,55.33
37001020702,44.76
37001020801,48.47
37001020802,44.43
37001020901,24.85
37001020902,32.12
37001021000,58.26
37001021101,31.57
37001021102,36.24
37001021201,50.26
37001021204,31.98
37001021205,52.02
37001021206,41.67
37001021207,68.27
37001021300,30.7
37001021400,18.47
37001021500,6.11
37001021600,57.36
37001021701,68.39
37001021702,74.59
37001021703,23.37
37001021801,9.09
37001021802,30.84
37001021803,27.67
37001021901,79.2
37001021902,15.92
37001022001,20
37001022002,29.68
37003040100,39.22
37003040200,6.4
37003040300,29.67
37003040400,36.86
37003040500,22.32
37003040600,28.18
37003040700,30.6
37005950100,36.95
37005950200,29.24
37005950300,35.63
37007920100,10.9
37007920200,39.09
37007920301,18.01
37007920302,100
37007920400,51.45
37007920501,34.4
37007920502,51.15
37007920600,40.28
37007980000,0
37009970200,36.5
37009970300,30.81
37009970400,27.74
37009970501,44.08
37009970502,34.69
37009970701,15.9
37009970702,0
37009970801,25.89
37009970802,18.43
37011930100,43.1
37011930200,16.2
37011930301,46.02
37011930302,19.51
37011930400,76.86
37013930101,63.08
37013930102,32.79
37013930200,30.8
37013930300,41.36
37013930400,55.54
37013930501,44.44
37013930502,33.67
37013930600,34.92
37013930700,23.08
37013930800,49.64
37013930900,31.31
37013931001,37.78
37013931002,38.15
37015960100,52.89
37015960200,44.16
37015960300,32.53
37015960401,35.28
37015960402,38.1
37017950101,26.12
37017950102,46.23
37017950200,37.18
37017950301,44.48
37017950302,54.44
37017950401,34.93
37017950402,29.71
37017950501,9.2
37017950502,27.39
37017950601,55.48
37017950602,22.81
37019020101,65.37
37019020102,43.46
37019020105,48.08
37019020106,48.27
37019020107,59.5
37019020108,66
37019020201,51.55
37019020203,38.04
37019020204,34.55
37019020205,58.03
37019020206,29.2
37019020304,23.49
37019020305,32.74
37019020306,35.46
37019020307,0
37019020308,53.16
37019020311,51.01
37019020312,0
37019020313,12.99
37019020314,0
37019020315,59.07
37019020316,0
37019020404,28.89
37019020405,44.63
37019020406,14.29
37019020407,41.3
37019020408,46.96
37019020409,10.9
37019020504,36.11
37019020505,33.42
37019020508,28.37
37019020510,37.1
37019020511,21.38
37019020512,31.58
37019020513,40.52
37019020514,72
37019020515,6.79
37019020516,67.48
37019020517,41.94
37019020518,20.22
37019020601,55.82
37019020602,36.84
37019020603,51.71
37019990100,0
37021000100,43.43
37021000200,49.15
37021000300,46.03
37021000400,60.1
37021000500,50.67
37021000600,75.4
37021000700,38.85
37021000800,59.19
37021000900,35.63
37021001000,44.63
37021001100,32.28
37021001200,50
37021001300,66.16
37021001401,68.41
37021001402,64.6
37021001500,62.57
37021001601,34.71
37021001602,63.12
37021001700,46.85
37021001801,61.9
37021001802,36.85
37021001900,56.93
37021002000,52.66
37021002101,26.09
37021002102,58.99
37021002203,62.24
37021002204,41.52
37021002205,50
37021002206,58.13
37021002303,48.99
37021002304,26.61
37021002305,44.86
37021002306,49.67
37021002401,65.66
37021002402,34.45
37021002503,45.08
37021002504,31.69
37021002505,33.52
37021002506,39.47
37021002603,55.15
37021002604,34.31
37021002606,33.51
37021002607,42.41
37021002608,27.13
37021002609,27.04
37021002701,51.49
37021002702,57.08
37021002704,31.78
37021002705,0
37021002803,47.07
37021002804,17.48
37021002900,23.35
37021003002,60.74
37021003003,53.6
37021003004,38.09
37021003103,75.38
37021003105,50
37021003106,31.21
37021003107,51.94
37021003108,78.56
37021003201,28.3
37021003202,22.22
37021003203,59.14
37021003204,22.18
37021003205,46.44
37023020100,48.52
37023020202,29.95
37023020203,49.17
37023020204,50
37023020301,35.92
37023020303,31.27
37023020304,26.52
37023020500,42.05
37023020600,46.07
37023020801,22.01
37023020802,33.85
37023020901,40.15
37023020902,33.61
37023021000,33.76
37023021100,25.39
37023021201,31.68
37023021202,29.19
37023021203,0
37023021301,34.48
37023021302,43.92
37023021400,46.51
37025040501,26.91
37025040502,42.64
37025040600,63.81
37025040701,37.5
37025040703,68.05
37025040704,35.56
37025040705,35.17
37025040800,26.01
37025040900,26.77
37025041001,42.07
37025041002,44.26
37025041100,49.7
37025041201,61.96
37025041202,42.51
37025041301,14.02
37025041304,34.97
37025041305,20
37025041306,15.25
37025041307,26.03
37025041503,53.49
37025041504,0
37025041505,47.93
37025041506,0
37025041507,63.48
37025041602,31.43
37025041603,27.64
37025041604,0
37025041701,32.75
37025041702,31.64
37025041901,22.22
37025041902,33.64
37025042000,37.55
37025042101,57.44
37025042102,55.59
37025042201,65.25
37025042202,31.7
37025042300,35.21
37025042401,42.17
37025042402,46.56
37025042501,48.82
37025042502,41.81
37025042503,54.97
37025042504,6.59
37025042601,83.81
37025042602,44.09
37025042603,40.73
37025042604,36.62
37027030100,53.33
37027030200,52.65
37027030300,38.84
37027030400,52.19
37027030500,11.47
37027030600,29.48
37027030700,22.69
37027030801,62
37027030802,37.88
37027030900,16.47
37027031000,21.11
37027031100,26.5
37027031201,16.38
37027031202,35.68
37027031301,15.52
37027031302,8.26
37027031401,18.89
37027031402,49.87
37027031403,46.25
37029950101,27.58
37029950102,32.25
37031970101,34.09
37031970102,16.53
37031970103,0
37031970200,19.04
37031970301,43.28
37031970304,39.39
37031970305,48.48
37031970401,53.15
37031970402,41.49
37031970403,85.44
37031970501,48.17
37031970502,12.5
37031970503,39.63
37031970504,45.53
37031970601,35.39
37031970602,0
37031970603,33
37031970606,55.86
37031970701,45.91
37031970702,39.44
37031970703,47.64
37031970704,16.54
37031970801,36.86
37031970804,16.92
37031970805,83.33
37031970806,64.88
37031970903,40.59
37031970904,23.78
37031971003,32
37031971103,43.89
37031980100,0
37031990100,0
37031990200,0
37033930100,45.65
37033930200,51.11
37033930300,29.31
37033930400,46.25
37033930500,19.14
37033930600,38.38
37035010101,9.24
37035010102,15.05
37035010201,15.03
37035010203,42.54
37035010204,33.61
37035010301,40.43
37035010302,22.47
37035010303,36.16
37035010304,23.71
37035010402,40.24
37035010403,40.03
37035010404,38.18
37035010501,21.53
37035010502,23.43
37035010600,34.05
37035010700,34.06
37035010900,29.02
37035011000,43.67
37035011101,33.43
37035011102,41.74
37035011200,37.39
37035011300,28.41
37035011401,30.61
37035011402,27.59
37035011501,24.73
37035011503,11.68
37035011505,22.84
37035011506,20.83
37035011601,17.89
37035011602,17.84
37035011701,52.98
37035011702,1.32
37035011801,5.46
37035011802,44.74
37037020103,31
37037020104,48.44
37037020105,39.83
37037020107,24.33
37037020108,83.71
37037020201,51.19
37037020202,100
37037020203,21.2
37037020300,46.32
37037020401,38.38
37037020402,48.47
37037020500,16.79
37037020600,13.41
37037020702,22.91
37037020703,92.03
37037020704,45
37037020801,26.17
37037020802,72.73
37037020803,0
37039930101,29.27
37039930102,86.08
37039930200,42.1
37039930300,1.54
37039930401,59.09
37039930402,52.93
37039930501,51.84
37039930502,29.82
37039930603,12.12
37039930604,62.94
37039930605,60.46
37039930606,48.09
37041930101,43.04
37041930102,23.85
37041930201,32.63
37041930202,25.93
37043950101,50.29
37043950102,34.84
37043950201,18.4
37043950202,45.46
37045950101,15.82
37045950102,44.28
37045950200,40.55
37045950301,53.37
37045950302,35.05
37045950400,63.18
37045950500,55.18
37045950601,36.78
37045950603,29.77
37045950604,34.92
37045950701,55.38
37045950702,36.95
37045950800,53.64
37045950900,45.36
37045951000,59.21
37045951100,58.97
37045951200,52.12
37045951300,23.08
37045951400,11.55
37045951501,42.5
37045951502,0
37045951503,18.24
37045951601,17.58
37045951602,49.08
37047930100,15.81
37047930200,50
37047930300,34.94
37047930400,32.49
37047930500,7.94
37047930600,20.52
37047930700,50.8
37047930800,43.12
37047930900,28.4
37047931000,48.74
37047931100,44.96
37047931201,33.85
37047931202,45.59
37047931301,15.02
37047931302,84.23
37049960101,26.27
37049960102,30.24
37049960201,40.54
37049960202,15.59
37049960301,0
37049960302,39.35
37049960401,62.24
37049960402,50.47
37049960403,45.46
37049960404,34.48
37049960501,36.76
37049960502,29.89
37049960600,43.68
37049960700,79.22
37049960800,51.47
37049960900,51.64
37049961002,53.78
37049961003,5.18
37049961004,49.65
37049961101,28.15
37049961102,37.23
37049961201,52.17
37049961202,56.36
37049961301,38.77
37049961302,36.82
37049961303,28.1
37051000200,53.07
37051000500,57
37051000600,59.8
37051000701,50.25
37051000702,51.76
37051000800,56.93
37051000900,45.84
37051001000,51.18
37051001100,59.89
37051001200,45.55
37051001401,47.33
37051001402,49.84
37051001500,36.92
37051001603,37.41
37051001604,42.13
37051001605,72.46
37051001606,38.57
37051001701,71.65
37051001702,65.41
37051001800,52.74
37051001901,45.67
37051001902,54.25
37051001903,57.68
37051002001,36.43
37051002002,40.64
37051002100,56.65
37051002200,48.96
37051002301,37.29
37051002302,41.24
37051002401,58.52
37051002402,54.48
37051002501,48.09
37051002503,46.67
37051002504,41.41
37051002505,53.99
37051002506,35.1
37051002600,43.3
37051002701,41.94
37051002702,20
37051002801,22.16
37051002802,23.85
37051002900,62.31
37051003002,38.22
37051003003,61.63
37051003004,41.57
37051003102,32.56
37051003103,28.49
37051003105,27.06
37051003106,37.32
37051003203,45.61
37051003205,51.35
37051003206,34.18
37051003207,21.94
37051003208,43.49
37051003209,37.14
37051003302,57.57
37051003304,35.27
37051003307,40.38
37051003310,43.23
37051003311,37.95
37051003312,40.33
37051003313,36.87
37051003314,46.65
37051003315,48.25
37051003316,52.35
37051003317,59.49
37051003318,32.96
37051003401,46.34
37051003403,68.28
37051003404,0
37051003408,58.43
37051003409,26.22
37051003410,76.3
37051003501,45.78
37051003502,47.03
37051003601,41.38
37051003602,58.64
37051003700,57.11
37051003800,61.21
37051980100,0
37051980200,0
37053110101,43.9
37053110102,24.14
37053110201,23.57
37053110202,64
37053110301,46.67
37053110302,73.19
37053110401,23.47
37053110403,40
37053110404,34.04
37053990100,0
37055970101,60.29
37055970102,64.79
37055970200,45.71
37055970301,59.94
37055970302,37.88
37055970400,45.83
37055970501,59
37055970502,60.49
37055970601,37.24
37055970602,36.84
37055990100,0
37055990200,0
37057060101,60.5
37057060103,0
37057060104,46.04
37057060201,37.07
37057060202,17.05
37057060203,49.5
37057060301,51.07
37057060302,39.64
37057060303,10.5
37057060304,32.33
37057060400,27
37057060500,14.78
37057060601,49.42
37057060602,63.16
37057060700,57.87
37057060800,46.08
37057060900,50.72
37057061000,27.64
37057061101,44.31
37057061102,58.76
37057061202,42.99
37057061203,64.76
37057061204,43.04
37057061300,45.74
37057061400,56.6
37057061501,67.45
37057061502,53.34
37057061600,48.41
37057061701,42.33
37057061703,36.27
37057061704,10.88
37057061705,28.73
37057061803,45.92
37057061805,20.94
37057061806,3.51
37057061807,0
37057061808,51.78
37057061902,27.78
37057061903,58.2
37057061904,28.64
37057062001,3.14
37057062002,39.3
37059080101,39.19
37059080102,12.32
37059080200,30.64
37059080301,9.95
37059080302,61.76
37059080400,0
37059080500,43.1
37059080600,42.69
37059080701,47.95
37059080702,48.8
37061090101,25.45
37061090102,31.59
37061090103,10.75
37061090201,57.33
37061090202,32.13
37061090301,40.36
37061090302,38.19
37061090401,39.65
37061090402,56.36
37061090503,31.27
37061090504,76.29
37061090505,35.68
37061090506,0
37061090600,32.04
37061090703,34.34
37061090704,50.27
37061090705,41.76
37061090706,23.72
37061090801,45.5
37061090803,39.61
37061090804,60.51
37063000101,51.14
37063000102,49.79
37063000200,35.1
37063000301,43.36
37063000302,49.49
37063000401,22.69
37063000402,51.64
37063000500,63.32
37063000600,68.11
37063000700,34.36
37063000900,41.59
37063001001,57.1
37063001002,59.36
37063001100,41.92
37063001301,43.41
37063001303,60.2
37063001304,54.14
37063001400,28.22
37063001501,20
37063001503,0
37063001504,50.17
37063001505,58.41
37063001601,47.24
37063001603,92.74
37063001604,17.56
37063001705,38.59
37063001706,36.7
37063001708,30.11
37063001709,56.87
37063001710,40.28
37063001711,57.22
37063001712,32.56
37063001713,58.89
37063001801,36.83
37063001802,57.52
37063001806,56.14
37063001808,31.93
37063001809,55.62
37063001810,43.79
37063001811,16.88
37063001900,28.48
37063002007,23.12
37063002008,55
37063002009,53.31
37063002013,41.45
37063002015,51.28
37063002019,35.22
37063002020,72.73
37063002021,32.72
37063002022,33.8
37063002023,30.07
37063002024,30.71
37063002025,51.33
37063002026,54.1
37063002029,36.61
37063002030,15.85
37063002031,39.09
37063002032,46.93
37063002033,52.96
37063002034,43.44
37063002035,37.88
37063002036,64.89
37063002037,35.19
37063002038,16.29
37063002100,60
37063002200,35.35
37063002300,45.17
37063980100,0
37065020200,37.89
37065020300,45.02
37065020400,29.47
37065020600,56.08
37065020700,53.46
37065020800,37.05
37065020900,50.46
37065021000,48.56
37065021100,39.39
37065021200,34.02
37065021300,31.31
37065021400,33.99
37065021500,25.21
37065021600,37.6
37067000100,25.73
37067000200,49.72
37067000301,56.96
37067000302,40.79
37067000400,71.69
37067000500,61.07
37067000600,55.25
37067000700,44.38
37067000801,80.8
37067000802,50.44
37067000900,58.65
37067001000,27.7
37067001100,54.93
37067001200,40.09
37067001300,33.17
37067001400,46.32
37067001500,47.15
37067001601,42.62
37067001602,64.05
37067001700,47.49
37067001800,51.16
37067001901,56.56
37067001902,43.78
37067002001,65.91
37067002002,34.02
37067002100,45.59
37067002200,35.26
37067002501,39.9
37067002502,34.87
37067002601,39.44
37067002604,41.66
37067002605,46.13
37067002606,34.34
37067002701,49.05
37067002702,56.44
37067002704,42.87
37067002705,46.99
37067002801,32.04
37067002804,51.81
37067002806,51.14
37067002807,36.51
37067002808,24.75
37067002809,14.17
37067002901,56.03
37067002903,44.35
37067002904,21.37
37067003002,23.64
37067003003,25.84
37067003004,36.56
37067003103,54.89
37067003105,55.17
37067003106,87.5
37067003107,17.65
37067003108,18.42
37067003201,41.6
37067003202,62.11
37067003307,17.77
37067003308,27.05
37067003309,53.98
37067003310,48.2
37067003311,12.63
37067003312,38.23
37067003313,25.86
37067003314,53.92
37067003315,31.12
37067003402,8.84
37067003403,65.05
37067003404,48.32
37067003500,61.51
37067003600,29.42
37067003701,51.83
37067003702,47.19
37067003703,23.07
37067003803,37.86
37067003804,49.9
37067003805,44.77
37067003806,13.84
37067003903,52
37067003904,34.09
37067003905,37.32
37067003906,0
37067003908,77.78
37067003909,32.96
37067004005,51.84
37067004007,60.91
37067004009,0
37067004010,31.39
37067004011,42
37067004012,33.34
37067004013,42.28
37067004014,28.75
37067004015,30.2
37067004102,44.26
37067004103,31.48
37067004104,40.35
37069060100,35.33
37069060200,36.53
37069060301,44.15
37069060302,42.79
37069060401,45.17
37069060403,58.46
37069060404,73.04
37069060501,29.78
37069060502,32.26
37069060601,9.38
37069060602,45.23
37069060701,48.65
37069060702,31.67
37069060703,14
37069060801,39.22
37069060802,48.14
37071030103,49.23
37071030104,68
37071030105,41.16
37071030106,33.96
37071030205,25.67
37071030206,0
37071030207,65.38
37071030208,0
37071030209,22.64
37071030301,27.34
37071030302,46.61
37071030401,19.34
37071030403,61.33
37071030404,40.66
37071030501,31.76
37071030503,28.35
37071030504,29.79
37071030601,24.65
37071030602,25.68
37071030700,31.04
37071030801,90.16
37071030802,37.17
37071030901,35.38
37071030902,55.88
37071031001,34.51
37071031004,43.22
37071031005,10.31
37071031006,0
37071031101,47
37071031102,46.22
37071031202,49.66
37071031203,58.8
37071031204,39.26
37071031301,47.95
37071031303,35.91
37071031304,50.83
37071031401,33.51
37071031402,23.64
37071031500,60.07
37071031600,23.23
37071031703,44.25
37071031704,50
37071031705,15.87
37071031706,13.04
37071031800,39.48
37071031901,82.85
37071031902,59.72
37071032000,48.5
37071032100,58.83
37071032201,32.32
37071032202,16.38
37071032301,34.59
37071032302,31.1
37071032403,50.95
37071032404,26.86
37071032405,33.33
37071032406,0
37071032505,50
37071032506,48.68
37071032507,82.12
37071032508,11.76
37071032509,86.02
37071032510,0
37071032600,27.64
37071032702,42.47
37071032703,52.13
37071032704,41.15
37071032801,41.75
37071032802,68.8
37071032900,55.47
37071033100,56.46
37071033202,31.44
37071033203,42.43
37071033204,66.61
37071033303,49.37
37071033306,0
37071033308,13.27
37071033309,23.94
37071033310,17.5
37071033311,50
37071033312,14.28
37071033313,23.08
37071033400,71.75
37071033501,30.55
37071033502,7.98
37073970100,20.53
37073970200,16.08
37073970300,23.69
37075920100,37.5
37075920200,33.33
37075920300,30.28
37077970101,35.64
37077970102,16.03
37077970200,42.68
37077970300,28.22
37077970400,46.6
37077970500,37.23
37077970601,72.44
37077970604,8.72
37077970605,31.47
37077970606,44.35
37077970607,51.67
37077970701,30.99
37077970702,45.48
37077970703,26.22
37077970704,0
37079950101,28.97
37079950102,52.31
37079950200,37.41
37079950301,31.34
37079950302,53.09
37081010100,52.74
37081010200,44.83
37081010300,43.54
37081010401,32.77
37081010403,49.48
37081010404,41.79
37081010500,41.09
37081010601,37.65
37081010602,41.53
37081010701,39.45
37081010702,65.53
37081010800,41.27
37081010900,53.05
37081011000,56.89
37081011101,51.97
37081011102,14.06
37081011201,51.09
37081011202,65.4
37081011300,65.49
37081011400,52.62
37081011500,57.65
37081011601,35.59
37081011602,58.19
37081011904,40.98
37081011905,68.1
37081012503,40.56
37081012504,50.06
37081012505,0
37081012508,39.71
37081012509,50
37081012510,100
37081012511,79.69
37081012604,68.89
37081012607,44.68
37081012608,51.87
37081012610,60.66
37081012611,57.79
37081012612,42.93
37081012617,38.56
37081012618,62.87
37081012619,30.68
37081012620,50.53
37081012621,78.79
37081012703,39.63
37081012704,57.59
37081012705,55.04
37081012706,77.57
37081012707,63.65
37081012803,40.02
37081012804,38.72
37081012805,42.15
37081013601,67.66
37081013602,52.91
37081013700,38
37081013800,50
37081013900,33.94
37081014000,62.99
37081014200,36.75
37081014300,36.1
37081014406,64.81
37081014407,41.25
37081014408,58.52
37081014409,42.12
37081014410,52.66
37081014411,60.15
37081014412,54.2
37081014501,52.4
37081014502,51.83
37081014503,52.9
37081015100,35.22
37081015201,36.18
37081015202,39.78
37081015301,15.25
37081015302,53.29
37081015401,0.53
37081015402,54.28
37081015500,18.49
37081015601,50.65
37081015602,23.81
37081015703,37.49
37081015704,35.23
37081015705,36.49
37081015706,53.3
37081015707,46.25
37081015800,48.67
37081015901,32.83
37081015902,42.55
37081016003,3.7
37081016005,12.32
37081016006,34.37
37081016007,66.09
37081016008,29.06
37081016009,9.09
37081016010,53.8
37081016011,48.8
37081016101,69.9
37081016102,58.81
37081016103,38.47
37081016201,51.47
37081016203,27.26
37081016204,10.92
37081016205,25.19
37081016303,72.47
37081016304,50.52
37081016305,17.47
37081016306,54.34
37081016405,42.02
37081016406,33
37081016407,17.42
37081016408,0
37081016409,36.19
37081016410,35.32
37081016502,46.22
37081016503,42.34
37081016505,41.93
37081016506,52.6
37081016600,36.36
37081016701,42.25
37081016702,34.19
37081016800,25.32
37081016900,14.36
37081017000,10.43
37081017101,61.38
37081017102,23.28
37081017200,42.59
37081980100,0
37083930100,36.6
37083930200,41.93
37083930300,50.61
37083930400,63.3
37083930501,49.56
37083930503,54.42
37083930504,59.69
37083930600,20
37083930701,41.67
37083930702,42.86
37083930800,46.9
37083930901,69.87
37083930902,44.17
37083931000,46.1
37083931101,40.42
37083931102,67.21
37085070100,42.27
37085070200,43.87
37085070300,42.69
37085070401,37.21
37085070402,28.36
37085070500,42.73
37085070600,23.72
37085070700,41.84
37085070801,28.99
37085070802,38.29
37085070901,41.05
37085070902,40.31
37085070903,39.46
37085070904,34.34
37085071002,62.96
37085071003,33.53
37085071004,56.25
37085071101,21.87
37085071102,25.99
37085071201,44.17
37085071202,48.11
37085071203,39.5
37085071204,42.86
37085071301,35.92
37085071302,45.17
37085071303,22.3
37085071401,18.64
37085071402,40.96
37087920101,46.63
37087920102,47.03
37087920201,10.61
37087920202,28.57
37087920300,55.98
37087920400,65.7
37087920501,35.45
37087920502,45.78
37087920601,30.52
37087920602,55.21
37087920701,13.96
37087920702,7.59
37087920800,53.48
37087920900,53.3
37087921000,52.55
37087921100,57.23
37087921201,69.12
37087921202,33.19
37087921301,31.28
37087921302,78
37087980100,0
37089930100,14.33
37089930201,37.5
37089930202,25.98
37089930301,57.41
37089930302,45.12
37089930401,11.24
37089930402,46.72
37089930501,25.62
37089930502,53.51
37089930600,33.56
37089930701,19.29
37089930702,49.45
37089930703,62.75
37089930800,58.74
37089930900,45.6
37089931000,46.65
37089931100,29.36
37089931200,51.48
37089931300,37.71
37089931401,29.52
37089931402,34.31
37089931500,18.64
37089931600,43.53
37089931700,59.9
37089931801,50.32
37089931802,26.23
37089931901,48.66
37089931902,30.63
37089932000,16.52
37089980100,0
37091950101,47.49
37091950102,46.44
37091950201,44.16
37091950202,50.82
37091950300,64.56
37091950401,36.41
37091950402,54.67
37091980000,0
37093970104,37.71
37093970105,35.56
37093970106,57.84
37093970107,43.9
37093970108,15.61
37093970109,50.58
37093970201,26.3
37093970202,54.49
37093970300,56.96
37093970401,51.16
37093970402,30.08
37093980100,0
37095920101,30.48
37095920102,51.57
37095990100,0
37095990200,0
37097060100,62.34
37097060200,45.87
37097060300,42.54
37097060400,42.88
37097060500,30.73
37097060601,59.69
37097060602,26.39
37097060603,52.59
37097060701,24.9
37097060702,21.01
37097060703,33.69
37097060801,3.54
37097060802,22.17
37097060901,14.34
37097060902,26.9
37097061001,18.77
37097061002,34.8
37097061003,53.39
37097061101,16.26
37097061102,3.03
37097061103,49.81
37097061104,39.8
37097061201,56.29
37097061202,18.85
37097061203,42.58
37097061204,0
37097061205,36.54
37097061301,20.74
37097061302,18.07
37097061303,40.39
37097061304,42.55
37097061401,63.27
37097061402,29.51
37097061403,38.08
37097061404,55.9
37097061405,5.85
37097061406,59.02
37097061407,22.09
37097061408,20.16
37097061501,34.24
37097061502,38.9
37097061503,51.35
37097061601,57.87
37097061603,33.36
37097061604,40.32
37097061605,9.61
37099940200,37.5
37099950200,19.69
37099950300,54.98
37099950400,36.69
37099950500,25.31
37099950600,52.78
37099950700,48.15
37099950800,20.37
37099950900,33.33
37101040101,52.61
37101040102,25.4
37101040103,87.06
37101040204,28.23
37101040205,35.29
37101040206,53.24
37101040207,39.54
37101040208,0
37101040209,52.45
37101040210,100
37101040301,64.92
37101040303,72.21
37101040304,48.24
37101040400,38.99
37101040501,36.66
37101040502,0
37101040600,41.73
37101040700,43.8
37101040800,61.22
37101040903,22.58
37101040904,27.24
37101040905,30.57
37101040906,100
37101041001,44.56
37101041003,35.58
37101041004,59.56
37101041005,74.93
37101041104,24.93
37101041105,24.37
37101041106,0
37101041107,30.71
37101041108,23.81
37101041109,73.52
37101041110,20.81
37101041111,63.51
37101041112,57.22
37101041113,0
37101041203,23
37101041204,47.16
37101041205,48.53
37101041206,22.48
37101041301,0
37101041302,47.47
37101041401,12.21
37101041402,73.69
37101041504,50.33
37101041505,12.07
37101041506,50
37101041507,37.64
37101041508,25.48
37101041509,42.86
37101041510,47.96
37101041511,23.91
37103920100,48.04
37103920200,24.76
37103920300,50
37105030101,36.72
37105030102,5.11
37105030200,64.54
37105030300,66.08
37105030401,30.88
37105030402,52.65
37105030502,10.78
37105030504,43.72
37105030505,32.89
37105030506,26.15
37105030507,46.67
37105030601,11.48
37105030602,24.35
37105030702,36.22
37105030703,32.39
37105030704,27.08
37107010100,24.72
37107010200,42.38
37107010300,34.79
37107010400,29.31
37107010500,47.39
37107010600,54.99
37107010700,61.52
37107010800,30.1
37107010900,59.44
37107011001,43.28
37107011002,27.79
37107011100,44.5
37107011201,13.39
37107011202,25.47
37107011301,27.46
37107011302,31.36
37107011400,58.47
37109070100,44.95
37109070201,39.42
37109070202,29.93
37109070300,55.68
37109070400,34.97
37109070500,35.1
37109070600,26.04
37109070700,24.71
37109070800,29
37109070901,19.46
37109070902,57.27
37109071001,40.33
37109071002,55.64
37109071101,45.34
37109071102,45.16
37109071201,11.32
37109071202,17.8
37109071203,28.35
37111970101,12.79
37111970102,0
37111970200,15.18
37111970300,45.48
37111970400,35.76
37111970500,35.26
37111970600,28.81
37111970700,19.23
37111970800,28.31
37111970902,41.1
37111970903,16.7
37111970904,23.71
37113970100,11.9
37113970200,39.43
37113970302,47.63
37113970303,53.45
37113970304,41.1
37113970400,66.75
37113970501,13.21
37113970502,59.24
37113970600,14.43
37113970700,44.87
37115010100,12.58
37115010200,31.32
37115010400,50.66
37115010500,33.69
37115010601,31.66
37115010602,45.61
37115010700,26.82
37117970100,32.63
37117970200,40.86
37117970300,59.62
37117970400,22.04
37117970500,18.43
37117970600,47.74
37119000101,19.85
37119000102,35.74
37119000103,25.57
37119000104,16.97
37119000301,33.19
37119000302,45.86
37119000401,30.45
37119000402,34.57
37119000501,48.63
37119000502,40.65
37119000503,22.96
37119000600,47.5
37119000700,33.02
37119000800,46.5
37119000900,28.94
37119001000,52.28
37119001100,40.67
37119001200,29.83
37119001300,42.58
37119001400,48.62
37119001504,72.55
37119001505,55.85
37119001507,60.89
37119001508,32.67
37119001509,35.09
37119001510,47.44
37119001603,61.15
37119001605,54.16
37119001606,30
37119001607,69.35
37119001608,65.08
37119001609,61.54
37119001701,54.48
37119001702,46.55
37119001801,48.51
37119001802,36.94
37119001910,56.88
37119001911,51.22
37119001914,50.72
37119001916,59.71
37119001917,40.27
37119001918,47.66
37119001919,36.77
37119001920,61.33
37119001921,42.41
37119001922,55.46
37119001923,60.22
37119001924,63.26
37119001925,61.19
37119001926,61.12
37119001927,39.27
37119002004,55.88
37119002005,24.22
37119002006,36.44
37119002007,65.02
37119002008,0
37119002100,45.92
37119002201,31.36
37119002202,45.57
37119002300,63.14
37119002400,31.7
37119002500,31.89
37119002600,44.04
37119002701,38.46
37119002702,43.61
37119002800,48.31
37119002903,21.74
37119002905,27.54
37119002907,25.64
37119002908,77.84
37119002909,33.73
37119002910,45.96
37119003006,36.92
37119003008,47.69
37119003012,70.59
37119003013,33.66
37119003015,23.4
37119003016,35.56
37119003017,84.97
37119003018,27.21
37119003019,55.17
37119003020,87.69
37119003021,39.65
37119003022,45.45
37119003102,43.28
37119003105,23.24
37119003106,51.35
37119003108,64.63
37119003109,46.48
37119003110,46.15
37119003111,16.3
37119003201,28.95
37119003203,54.01
37119003204,37.45
37119003301,27.9
37119003302,40.35
37119003401,31.72
37119003402,15.37
37119003500,20.6
37119003600,39.98
37119003701,24.66
37119003702,32.73
37119003802,52.91
37119003805,32.54
37119003807,53.15
37119003808,62.03
37119003809,42.53
37119003810,22.09
37119003811,44.76
37119003902,64.56
37119003903,47.6
37119004000,43.92
37119004101,54.96
37119004102,67.93
37119004200,49.46
37119004302,52.59
37119004303,37.74
37119004304,37.56
37119004306,46.58
37119004307,38.78
37119004400,50.55
37119004500,43.95
37119004600,74.39
37119004700,26.03
37119004800,65.36
37119004900,78.26
37119005000,55.74
37119005100,73.62
37119005200,44.82
37119005301,55.75
37119005305,51.27
37119005306,62.13
37119005307,54.33
37119005308,56.26
37119005403,55.62
37119005404,60.38
37119005405,61.96
37119005406,53.43
37119005508,32.52
37119005510,47.11
37119005511,56.87
37119005512,46.92
37119005513,22.14
37119005515,31.35
37119005516,40.86
37119005517,61.89
37119005519,51.45
37119005520,39.47
37119005522,35.14
37119005525,46.04
37119005526,26.5
37119005527,44.41
37119005528,64.6
37119005529,47.4
37119005530,30.06
37119005531,47.56
37119005532,35.52
37119005533,38.44
37119005534,47.33
37119005535,32.25
37119005536,37.92
37119005604,53.25
37119005609,46.44
37119005610,59.22
37119005611,52
37119005612,50.35
37119005613,43.46
37119005615,46.99
37119005616,49.65
37119005617,16.86
37119005618,26.08
37119005619,24.32
37119005621,28.9
37119005622,79.59
37119005623,54.03
37119005624,18.46
37119005625,45.97
37119005626,92.95
37119005627,59.67
37119005709,25.11
37119005710,30.35
37119005712,60.65
37119005713,19.71
37119005714,5.41
37119005715,31.82
37119005716,44.47
37119005718,38.4
37119005719,21.77
37119005720,65
37119005721,29.55
37119005722,49.33
37119005723,46.46
37119005811,53.83
37119005815,70.41
37119005816,37.86
37119005817,36.01
37119005824,67.76
37119005826,38.13
37119005827,23.98
37119005828,27.94
37119005829,56.25
37119005830,24.67
37119005832,39.49
37119005833,55.48
37119005834,27.26
37119005835,45.13
37119005836,29.51
37119005839,43.11
37119005840,41.6
37119005843,40.13
37119005845,30.03
37119005846,100
37119005847,33.03
37119005848,79.41
37119005849,34.04
37119005850,37.71
37119005851,26.27
37119005852,49.67
37119005853,31.84
37119005854,18.29
37119005855,45.51
37119005856,30.28
37119005857,48.85
37119005858,18.64
37119005859,35.55
37119005860,54.5
37119005861,35.55
37119005862,36.31
37119005863,54.38
37119005864,27.68
37119005865,44.82
37119005866,43.13
37119005867,64.53
37119005868,42.14
37119005908,62.26
37119005910,37.34
37119005913,24.68
37119005915,33.84
37119005916,52.92
37119005918,21.27
37119005919,43.42
37119005920,16.94
37119005921,8.39
37119005922,49.35
37119005923,40.61
37119005924,43.7
37119005925,50
37119005926,10.86
37119005927,44.32
37119005928,0
37119005929,42.77
37119005930,48.43
37119005931,29.68
37119005932,39.35
37119006005,18.9
37119006008,41.19
37119006009,72.28
37119006011,6.02
37119006012,51.35
37119006013,22.41
37119006014,59.2
37119006015,16.93
37119006016,49.21
37119006103,44.02
37119006105,36.07
37119006108,45.86
37119006109,74.08
37119006110,24.56
37119006111,61.24
37119006112,34.36
37119006113,20.83
37119006114,54.27
37119006115,36.9
37119006208,28.29
37119006209,35.47
37119006210,30.7
37119006211,12.99
37119006212,35.9
37119006214,25.27
37119006216,82.67
37119006217,33.26
37119006218,80.95
37119006219,100
37119006220,72.34
37119006221,24.66
37119006222,100
37119006223,20.74
37119006224,36.7
37119006305,60
37119006306,0
37119006307,39.68
37119006308,52.89
37119006309,43.39
37119006310,23.23
37119006311,0
37119006403,49.44
37119006404,20
37119006407,19.6
37119006408,26.65
37119006409,46.37
37119006410,45.09
37119006411,96.61
37119980100,0
37119980200,0
37119980300,0
37121950100,6.25
37121950200,44.88
37121950300,24.05
37121950400,36.7
37123960101,30.65
37123960102,27.97
37123960201,55.85
37123960202,20.93
37123960301,71.27
37123960302,16.56
37123960401,34.13
37123960402,16.35
37123960501,44.98
37123960502,17.95
37125950100,12.5
37125950201,43.62
37125950202,24.59
37125950303,73.33
37125950304,49.33
37125950305,0
37125950306,59.74
37125950402,65.89
37125950403,47.91
37125950404,42.05
37125950503,30.29
37125950504,29.87
37125950505,69.23
37125950506,17.25
37125950507,31.55
37125950601,75.95
37125950603,52.66
37125950604,34.38
37125950702,56.93
37125950703,66.55
37125950704,26.8
37125950801,33.69
37125950802,42.61
37125950900,38.68
37125951001,35.24
37125951002,0
37125951101,55.62
37125951102,34.89
37125951200,30.73
37127010200,46.28
37127010301,80.66
37127010302,52.71
37127010400,48.72
37127010503,51.51
37127010504,67.74
37127010505,26.92
37127010506,22.22
37127010601,26.76
37127010603,58.69
37127010604,30.59
37127010700,47.31
37127010801,0
37127010802,0
37127010900,51.19
37127011000,38.77
37127011101,50.13
37127011103,27.97
37127011104,43.42
37127011201,58.21
37127011202,55.15
37127011300,32.51
37127011400,44.06
37127011501,42.95
37127011502,23.92
37129010100,69.32
37129010200,68.25
37129010300,39.32
37129010400,24.34
37129010501,59.11
37129010503,26.85
37129010504,38.09
37129010600,50.65
37129010700,56.25
37129010800,70.12
37129010900,50.42
37129011000,34.25
37129011100,56.54
37129011200,56.7
37129011300,49.27
37129011400,49.27
37129011501,58.82
37129011502,61.11
37129011503,18.7
37129011504,57.54
37129011605,37.29
37129011606,49.13
37129011608,22.92
37129011609,76.23
37129011610,30.44
37129011611,63.32
37129011612,44.3
37129011701,45.36
37129011703,83.95
37129011705,53.77
37129011800,48.89
37129011904,46.79
37129011905,88.58
37129011906,37.67
37129012004,28.39
37129012006,60.33
37129012007,44.86
37129012008,50.05
37129012009,61.77
37129012010,30.79
37129012011,32.32
37129012012,60.53
37129012103,52.12
37129012106,36.06
37129012107,67.35
37129012108,8.43
37129012109,38.98
37129012110,49.9
37129012111,64.37
37129012201,41.49
37129012202,31.16
37129012203,48
37129012300,27.37
37129980100,0
37129990100,0
37131920101,22.42
37131920102,30
37131920103,16.06
37131920201,49.43
37131920202,40.21
37131920301,59.12
37131920302,58.13
37131920303,23.41
37131920401,60.8
37131920402,4.23
37133000103,24.45
37133000104,45.34
37133000105,48.42
37133000203,23.11
37133000204,65.94
37133000205,32.71
37133000206,0
37133000207,39.87
37133000303,75.73
37133000304,57.84
37133000305,31.85
37133000306,54.55
37133000401,18.49
37133000403,58.71
37133000404,76.42
37133000405,33.8
37133000500,0
37133000600,0
37133000700,39.28
37133000800,68.48
37133000901,67
37133000902,65.33
37133001000,26.18
37133001101,42.07
37133001102,26.74
37133001201,26.54
37133001202,38.94
37133001301,61.43
37133001302,0
37133001303,19.23
37133001304,59.94
37133001400,41.17
37133001500,41.47
37133001700,21.09
37133001800,31.17
37133002100,58.2
37133002201,39.47
37133002202,50.11
37133002300,59.03
37133002400,35.87
37133002500,64.76
37133002600,48.72
37133002801,0
37133002802,26.36
37133002803,66.43
37133990100,0
37135010701,12.64
37135010705,43.26
37135010706,23.53
37135010707,46.4
37135010708,43.15
37135010709,39.14
37135010710,40.48
37135010802,0
37135010803,26.18
37135010804,60.89
37135010902,34.86
37135010903,21.74
37135010904,45.69
37135011001,40.51
37135011002,29.43
37135011103,68.05
37135011104,28.79
37135011105,49.7
37135011106,46.96
37135011107,47.83
37135011204,9.09
37135011206,33.73
37135011207,48.72
37135011208,39.85
37135011209,53.84
37135011210,39.7
37135011211,55.89
37135011300,73.46
37135011400,71.03
37135011500,33.48
37135011601,0
37135011602,60.24
37135011700,64.11
37135011800,60.84
37135011902,69.8
37135011903,49.6
37135011904,74.94
37135012101,47.13
37135012102,66.83
37135012103,40.55
37135012201,35.08
37135012202,45.46
37137950101,17.55
37137950103,37.75
37137950104,80.91
37137950202,30.7
37137950203,24.6
37137950204,21.32
37137990100,0
37139960100,38.1
37139960200,46.41
37139960300,61.85
37139960400,41.62
37139960501,47.93
37139960502,47.82
37139960503,41.18
37139960600,27.26
37139960701,10.39
37139960702,75.84
37141920104,56.09
37141920105,51.66
37141920106,50.73
37141920201,45.38
37141920202,0
37141920203,15.37
37141920204,33.12
37141920300,37.02
37141920401,39.15
37141920402,65.51
37141920403,44
37141920501,37.04
37141920502,48.15
37141920601,61.22
37141920602,61.33
37141990100,0
37143920101,50
37143920102,43
37143920201,36.74
37143920202,33.79
37145920100,51.33
37145920200,48.15
37145920300,42.02
37145920400,55.29
37145920500,54.76
37145920601,61.71
37145920602,40.83
37147000101,71.13
37147000102,47.39
37147000201,62.25
37147000202,54.29
37147000301,42.06
37147000303,68.81
37147000304,33.14
37147000400,69.33
37147000501,62.49
37147000503,45.68
37147000504,53.65
37147000602,53.19
37147000604,43.96
37147000605,41.54
37147000606,57.3
37147000607,44.46
37147000701,40.5
37147000702,54.37
37147000800,63.91
37147000901,41.42
37147000902,33.41
37147001001,51.27
37147001002,21.99
37147001003,23.96
37147001100,27.97
37147001200,50.13
37147001301,37.63
37147001302,36.53
37147001304,13.39
37147001305,33.69
37147001402,52.96
37147001403,13.84
37147001404,77.96
37147001500,40.36
37147001601,34.5
37147001602,42.47
37147001700,17.3
37147001800,45.43
37147001900,30.2
37147002002,38.27
37147002003,33.58
37147002004,51.67
37149920101,12.2
37149920103,25.53
37149920104,40.54
37149920201,18.18
37149920202,0
37149920301,32.48
37149920303,52.59
37149920304,35.42
37151030100,49.92
37151030201,55.51
37151030202,68.39
37151030301,34.22
37151030302,49.13
37151030400,40.52
37151030502,32.04
37151030503,14.56
37151030504,25
37151030600,22.3
37151030700,34.48
37151030803,20.28
37151030804,45.71
37151030805,52.29
37151030806,41.93
37151030900,34.54
37151031001,79.19
37151031002,71.52
37151031101,21.46
37151031102,39.29
37151031200,54.3
37151031303,23.43
37151031304,53.94
37151031305,38.32
37151031307,25.63
37151031308,51.18
37151031401,39.19
37151031402,52.99
37151031501,23.52
37151031503,32.62
37151031504,30.22
37151031505,32.27
37151031601,31.95
37151031602,60.62
37153970100,55.1
37153970200,32.97
37153970300,18.19
37153970400,23.95
37153970500,54.51
37153970600,52.09
37153970700,58.39
37153970800,21.57
37153970900,46.07
37153971000,49.61
37153971100,41.58
37155960101,47.8
37155960102,33.39
37155960202,39.4
37155960203,48.15
37155960204,12.09
37155960301,59.39
37155960302,50.59
37155960402,21.93
37155960403,27.97
37155960404,22.53
37155960501,46.62
37155960502,31.57
37155960503,42.68
37155960601,28.84
37155960602,33.06
37155960701,34.94
37155960702,37.83
37155960801,39.6
37155960802,30.47
37155960900,30.74
37155961000,54.18
37155961100,58.87
37155961200,43.48
37155961301,24.44
37155961302,46.21
37155961400,14.12
37155961500,39.58
37155961601,35.14
37155961602,38.01
37155961700,42.44
37155961801,42.58
37155961802,25.04
37155961900,33.26
37155962001,35.01
37155962002,57.56
37157040101,12.37
37157040102,38.85
37157040200,24.47
37157040300,50.42
37157040400,32.39
37157040501,48.2
37157040502,46.63
37157040601,19.43
37157040602,16.97
37157040700,7.08
37157040800,32.78
37157040900,41.11
37157041001,62.69
37157041002,52.13
37157041100,36.68
37157041200,70.8
37157041300,42.67
37157041400,52.4
37157041501,0
37157041502,50.54
37157041601,15.6
37157041602,59.64
37159050201,52.68
37159050202,34.2
37159050300,50.11
37159050400,51.21
37159050500,37.68
37159050700,45.24
37159050800,48.73
37159050901,24.01
37159050903,30.86
37159050904,34.63
37159051001,44.48
37159051002,14.49
37159051101,25.33
37159051102,12.94
37159051201,21.69
37159051202,40.21
37159051204,33.02
37159051301,41.01
37159051302,11.68
37159051303,48.16
37159051400,32.83
37159051501,43.52
37159051502,21.19
37159051600,36.16
37159051700,59.22
37159051801,37.55
37159051802,30.92
37159051901,26.77
37159051903,18.29
37159051904,11.63
37159052000,47.51
37161960101,0
37161960102,12.33
37161960103,6.48
37161960201,62.53
37161960202,73.08
37161960203,24.39
37161960301,29.68
37161960302,53.69
37161960400,34.9
37161960501,37.15
37161960502,70.99
37161960503,37.21
37161960600,47.7
37161960700,45.24
37161960800,55.5
37161960900,32.36
37161961001,41.67
37161961002,45
37161961102,17.21
37161961103,15.31
37161961104,11.64
37161961200,59.13
37163970101,25.86
37163970102,12.64
37163970201,61.11
37163970202,38.46
37163970302,9.92
37163970303,12.5
37163970304,8.06
37163970401,6.78
37163970402,35.44
37163970501,34.85
37163970502,44.62
37163970600,44.82
37163970701,40.09
37163970702,51.7
37163970801,37.06
37163970802,31.33
37163970900,48.18
37163971001,50.22
37163971002,10
37163971003,0
37165010101,55.17
37165010102,40.19
37165010200,46.62
37165010300,53.28
37165010400,33.33
37165010501,27.08
37165010502,22.57
37165010601,31.29
37165010602,11.65
37167930101,20.29
37167930102,22.79
37167930200,33.63
37167930300,17.9
37167930500,48.2
37167930700,12.93
37167930801,53.71
37167930802,43.02
37167930901,14.45
37167930902,35.22
37167931001,0
37167931002,25.62
37167931101,20.24
37167931102,23.76
37167931202,25.87
37167931203,61.32
37167931204,21.78
37169070101,12.03
37169070102,23.9
37169070200,18.87
37169070301,0
37169070302,27.52
37169070400,26.6
37169070503,39.43
37169070504,58.45
37169070505,60.88
37169070506,63.42
37169070600,31.49
37169070701,32.92
37169070702,55.36
37171930101,28.82
37171930102,19.83
37171930201,47.6
37171930202,41.14
37171930301,24.14
37171930302,54.56
37171930400,60.88
37171930501,14.92
37171930502,53.01
37171930600,15.21
37171930700,24.51
37171930802,31.16
37171930803,0
37171930804,37.99
37171930901,35.56
37171930902,18.55
37171931001,29.37
37171931002,25.04
37171931003,18.81
37171931101,57.06
37171931102,42.02
37171931103,46.4
37171931200,31.27
37173940100,15.91
37173960200,23.75
37173960301,40.15
37173960302,52.01
37173980200,0
37175960100,32.34
37175960201,23.91
37175960202,53
37175960301,30
37175960302,28.67
37175960401,28.16
37175960403,30.36
37175960404,60.15
37175960501,10.64
37175960502,31.63
37175960601,100
37175960602,44
37177960100,36.18
37179020100,4.83
37179020203,21.67
37179020204,19.23
37179020205,30.21
37179020206,0
37179020305,31.77
37179020307,58.98
37179020308,12.76
37179020309,58.14
37179020310,24.86
37179020312,31.69
37179020313,28.91
37179020314,32.89
37179020315,9.09
37179020316,29.39
37179020317,33.83
37179020318,50.93
37179020319,0
37179020320,25.93
37179020321,36.54
37179020401,61.11
37179020403,32.67
37179020405,37.82
37179020406,51.87
37179020501,40.61
37179020502,62.96
37179020601,34.84
37179020602,50.26
37179020701,51.89
37179020702,57.1
37179020800,38.12
37179020901,25.63
37179020902,26.45
37179021004,25.35
37179021005,15.08
37179021006,0
37179021007,0
37179021009,0
37179021012,40.94
37179021013,33.43
37179021014,42
37179021015,18.29
37179021016,0
37179021017,100
37179021018,38.98
37179021019,0
37179021020,25.78
37179021021,0
37181960100,53.59
37181960200,21.23
37181960300,18.26
37181960400,55.56
37181960500,47.54
37181960600,45.3
37181960700,50.14
37181960800,42.63
37181960901,29.25
37181960902,22.12
37181960903,48.85
37181961000,33.61
37183050100,31.65
37183050300,36.8
37183050400,31.23
37183050500,33.46
37183050600,37.87
37183050700,59.87
37183050800,66.13
37183050900,46.87
37183051000,45.34
37183051101,66.59
37183051102,66.1
37183051200,55.11
37183051400,59.49
37183051501,52.54
37183051502,46.9
37183051600,60.95
37183051700,26.07
37183051800,40.34
37183051900,57.42
37183052001,58.42
37183052002,56.99
37183052101,65.62
37183052102,52.6
37183052303,42.34
37183052304,51.24
37183052305,42.16
37183052306,40.59
37183052307,51.95
37183052401,49.39
37183052404,46.98
37183052407,48.64
37183052408,58.37
37183052409,47.18
37183052410,64.33
37183052411,38.79
37183052504,46.34
37183052505,45.82
37183052506,51.28
37183052507,44.44
37183052508,32.24
37183052509,51.1
37183052601,26.84
37183052602,37.33
37183052603,32.68
37183052701,70.2
37183052704,61.59
37183052705,22.48
37183052706,31.33
37183052707,46.15
37183052801,37.42
37183052802,32.09
37183052807,45.76
37183052809,36.41
37183052810,40.02
37183052811,36.08
37183052812,49.55
37183052813,64.1
37183052814,59.73
37183052815,60.55
37183052816,47.5
37183052901,38.41
37183052902,48.81
37183052903,38.33
37183052905,0
37183052906,62.7
37183053003,29.76
37183053004,52.22
37183053005,0
37183053006,50
37183053007,44.05
37183053009,41.23
37183053010,34.13
37183053011,28.4
37183053105,30.97
37183053106,55.16
37183053109,22.82
37183053110,33.19
37183053111,77.23
37183053112,58.44
37183053113,50.1
37183053114,40.82
37183053115,24.46
37183053202,55.67
37183053203,28.77
37183053204,41.17
37183053205,59.77
37183053206,37.83
37183053208,4.81
37183053209,32.08
37183053210,38.66
37183053211,5.37
37183053405,49.92
37183053408,30.32
37183053409,26.83
37183053410,37.38
37183053411,48.67
37183053415,34.64
37183053417,52.82
37183053419,92.64
37183053421,39.14
37183053422,40.91
37183053423,27.45
37183053424,11.52
37183053425,7.52
37183053426,40.99
37183053427,43.48
37183053428,10.05
37183053429,33.44
37183053430,25.49
37183053431,57.39
37183053432,47.67
37183053433,45.11
37183053434,56.82
37183053435,14.87
37183053436,30.36
37183053505,56.1
37183053506,50.46
37183053507,66.77
37183053509,10.43
37183053512,30.74
37183053513,37.01
37183053516,30.62
37183053517,33.15
37183053518,21.25
37183053519,47.08
37183053520,32.25
37183053521,48.05
37183053522,22.44
37183053523,42.52
37183053524,50
37183053525,17.18
37183053603,25.07
37183053604,9.68
37183053608,31.06
37183053609,24.19
37183053611,28.59
37183053612,13.05
37183053613,36.56
37183053614,48.28
37183053615,32.22
37183053616,35.84
37183053617,27.84
37183053618,28.14
37183053619,25.87
37183053620,18.71
37183053711,46.15
37183053712,68.03
37183053713,49.57
37183053714,38.68
37183053715,62.82
37183053716,51.87
37183053717,30.66
37183053718,46.34
37183053719,11.3
37183053720,0
37183053721,0
37183053722,33.75
37183053723,34.02
37183053724,40.43
37183053725,32.17
37183053726,48.47
37183053727,25.13
37183053728,47.88
37183053729,46.71
37183053730,18.08
37183053803,0
37183053804,66.23
37183053805,0
37183053806,18.92
37183053807,26.85
37183053808,0
37183053901,0
37183053902,26.92
37183054001,44.79
37183054004,45.43
37183054006,64.14
37183054007,42.05
37183054008,48.57
37183054011,41.82
37183054012,39.62
37183054015,56.03
37183054016,28.45
37183054017,42.27
37183054018,49.66
37183054019,58.97
37183054020,43.16
37183054021,0
37183054022,54.39
37183054023,54.36
37183054106,33.95
37183054108,39.39
37183054109,22.73
37183054111,27.12
37183054112,43.85
37183054113,52.09
37183054114,36.81
37183054115,51.21
37183054116,55.79
37183054117,34.6
37183054118,78.39
37183054119,52.54
37183054120,0
37183054121,85.86
37183054203,0
37183054204,34.89
37183054206,37.95
37183054212,45.85
37183054213,69.15
37183054214,28.67
37183054215,42.24
37183054216,81.44
37183054217,0
37183054218,54.46
37183054219,43.16
37183054220,52.07
37183054221,69.09
37183054222,45.8
37183054223,35.06
37183054224,53.61
37183054303,47.25
37183054304,0
37183054305,79.16
37183054306,64.98
37183054402,62.61
37183054403,51.15
37183054404,42.11
37183054501,59.92
37183054502,72.71
37183980100,0
37183980200,0
37185950101,21.98
37185950102,51.75
37185950103,18.43
37185950201,24.43
37185950202,62
37185950300,51.73
37185950400,30.69
37187950100,39.04
37187950201,54.82
37187950202,88.69
37187950300,5.08
37189920100,30
37189920200,46.12
37189920300,52.3
37189920400,60.12
37189920500,63.94
37189920601,78
37189920602,66.15
37189920701,39.48
37189920702,30.91
37189920703,47.17
37189920800,25.32
37189920900,34.91
37189921000,42.55
37191000102,17.72
37191000103,56.19
37191000104,23.74
37191000200,27.09
37191000302,55.26
37191000303,38.87
37191000304,33.28
37191000401,28.3
37191000402,53.98
37191000500,44.09
37191000601,59.08
37191000603,32.18
37191000604,60.78
37191000700,48.54
37191000800,37.28
37191000901,35.98
37191000902,43.42
37191001000,16.14
37191001102,23.76
37191001103,22.19
37191001104,24.45
37191001200,51.8
37191001301,47.34
37191001302,46.55
37191001401,52.65
37191001402,27.3
37191001500,43.57
37191001800,57.71
37191001900,47.3
37191002000,72.17
37193960101,5.32
37193960102,12.07
37193960200,44.83
37193960300,15.42
37193960401,31.76
37193960402,30.25
37193960500,33.47
37193960600,40.32
37193960700,42.73
37193960801,33.55
37193960802,62
37193960901,16.2
37193960902,57.76
37193961001,39.01
37193961002,66.18
37193961100,65.65
37193961201,100
37193961202,35.48
37195000100,58.23
37195000200,45.37
37195000300,42.3
37195000401,38.36
37195000402,67.81
37195000501,19.66
37195000502,45.24
37195000601,44.79
37195000602,21.02
37195000701,34.48
37195000702,43
37195000801,59.02
37195000802,40.96
37195000900,40.08
37195001000,31.07
37195001100,57.38
37195001200,18.68
37195001301,49.63
37195001302,32.07
37195001401,6.29
37195001402,40.27
37195001501,44.52
37195001502,35.75
37195001600,25.24
37195001700,40.68
37197050101,51.44
37197050102,43.06
37197050200,50.66
37197050300,67.29
37197050401,42.19
37197050402,44.75
37197050502,45.7
37197050503,42.54
37197050504,35.82
37199960101,38.37
37199960102,53.91
37199960200,30.83
37199960300,37.37
37199960400,13.48
