Geo_FIPS,pct_rent
37001020100,55.69
37001020200,53.49
37001020301,57.58
37001020302,19.95
37001020400,41.28
37001020501,28.46
37001020502,55.17
37001020601,5.76
37001020602,27.93
37001020701,27.85
37001020702,59.68
37001020801,28.74
37001020802,60.68
37001020901,31.98
37001020902,10.22
37001021000,72.01
37001021101,47.55
37001021102,35.25
37001021201,26.25
37001021204,14.32
37001021205,44.25
37001021206,46.37
37001021207,30.71
37001021300,14.6
37001021400,14.8
37001021500,8.17
37001021600,28.89
37001021701,24.43
37001021702,31.31
37001021703,51.36
37001021801,12.25
37001021802,19.93
37001021803,20.94
37001021901,12.68
37001021902,20.99
37001022001,13.92
37001022002,18.52
37003040100,15.38
37003040200,7.7
37003040300,21.93
37003040400,26.04
37003040500,19.17
37003040600,21.63
37003040700,15.33
37005950100,16.79
37005950200,31.03
37005950300,12.78
37007920100,24.55
37007920200,27.4
37007920301,22.46
37007920302,17.12
37007920400,50.68
37007920501,32.05
37007920502,38.88
37007920600,29.74
37007980000,
37009970200,10.84
37009970300,16.63
37009970400,21.61
37009970501,34.37
37009970502,32.97
37009970701,13.43
37009970702,2.8
37009970801,21.05
37009970802,31.91
37011930100,18.95
37011930200,24.29
37011930301,27.58
37011930302,19.92
37011930400,9.64
37013930101,23.17
37013930102,35.95
37013930200,32.98
37013930300,52.99
37013930400,50.73
37013930501,27.29
37013930502,14.23
37013930600,10.39
37013930700,11.15
37013930800,14.77
37013930900,6.15
37013931001,29.3
37013931002,30.27
37015960100,22.6
37015960200,22.66
37015960300,25.08
37015960401,27.36
37015960402,33.76
37017950101,16.75
37017950102,35.26
37017950200,27.84
37017950301,30.02
37017950302,27.72
37017950401,46.13
37017950402,22.32
37017950501,17.26
37017950502,34.18
37017950601,47.03
37017950602,13.09
37019020101,21.72
37019020102,11.12
37019020105,14.59
37019020106,24.6
37019020107,23.75
37019020108,13.9
37019020201,37.53
37019020203,10.62
37019020204,22.18
37019020205,10.7
37019020206,14.71
37019020304,6.82
37019020305,27.34
37019020306,13.4
37019020307,0
37019020308,9.32
37019020311,16.45
37019020312,0
37019020313,12.8
37019020314,6.81
37019020315,19.22
37019020316,2.45
37019020404,25.76
37019020405,18.53
37019020406,7.8
37019020407,11.84
37019020408,42.48
37019020409,16.72
37019020504,3.67
37019020505,29.94
37019020508,20.37
37019020510,22.73
37019020511,15.56
37019020512,3.82
37019020513,28.02
37019020514,12.19
37019020515,15.39
37019020516,7.71
37019020517,7.28
37019020518,12.68
37019020601,34.17
37019020602,18.65
37019020603,31.6
37019990100,
37021000100,77.68
37021000200,58.63
37021000300,55.26
37021000400,63.7
37021000500,35.51
37021000600,47.05
37021000700,74.56
37021000800,46.47
37021000900,61.01
37021001000,46.47
37021001100,40.56
37021001200,41.62
37021001300,47.38
37021001401,50.89
37021001402,41.85
37021001500,45.16
37021001601,30.89
37021001602,52.88
37021001700,16.3
37021001801,56.38
37021001802,48.55
37021001900,38.29
37021002000,45.27
37021002101,8.14
37021002102,41.71
37021002203,56.8
37021002204,64.86
37021002205,18.35
37021002206,44.14
37021002303,41.47
37021002304,19.33
37021002305,29.34
37021002306,41.45
37021002401,25.48
37021002402,45.04
37021002503,21.21
37021002504,22.62
37021002505,18.09
37021002506,44.44
37021002603,18.68
37021002604,21.29
37021002606,39.29
37021002607,14.86
37021002608,43.54
37021002609,36.38
37021002701,22.68
37021002702,30.02
37021002704,16.09
37021002705,12.01
37021002803,24.59
37021002804,20.76
37021002900,25.31
37021003002,23.1
37021003003,20.85
37021003004,15.69
37021003103,32.92
37021003105,21.07
37021003106,30.13
37021003107,27.85
37021003108,58
37021003201,7.31
37021003202,7.01
37021003203,31.72
37021003204,13.01
37021003205,40.92
37023020100,16.98
37023020202,23.67
37023020203,14.06
37023020204,8.97
37023020301,17.53
37023020303,15.5
37023020304,12.73
37023020500,43.42
37023020600,49.56
37023020801,17.96
37023020802,28.27
37023020901,27.47
37023020902,17.82
37023021000,22.98
37023021100,24.96
37023021201,23.21
37023021202,21.91
37023021203,9.49
37023021301,28.1
37023021302,15.25
37023021400,61.65
37025040501,27.9
37025040502,36.82
37025040600,20.7
37025040701,43.39
37025040703,74.2
37025040704,49.09
37025040705,26.1
37025040800,45.57
37025040900,42.34
37025041001,29.91
37025041002,64.85
37025041100,20.63
37025041201,24.13
37025041202,43.09
37025041301,9.09
37025041304,13.71
37025041305,9.19
37025041306,33.43
37025041307,6.39
37025041503,5.07
37025041504,10.02
37025041505,5.38
37025041506,5.42
37025041507,9.97
37025041602,18.08
37025041603,16.7
37025041604,7.53
37025041701,16.81
37025041702,24.47
37025041901,34.75
37025041902,62.03
37025042000,28.13
37025042101,52.52
37025042102,21.42
37025042201,43.62
37025042202,14.3
37025042300,47.78
37025042401,20.88
37025042402,69.04
37025042501,18.15
37025042502,38.94
37025042503,27.21
37025042504,16.85
37025042601,16.22
37025042602,31.31
37025042603,29.2
37025042604,18.67
37027030100,47.49
37027030200,29.11
37027030300,20.03
37027030400,42.32
37027030500,28.14
37027030600,19.56
37027030700,24.87
37027030801,16.69
37027030802,22.56
37027030900,13.55
37027031000,21.34
37027031100,28.53
37027031201,21.56
37027031202,27.55
37027031301,9.85
37027031302,20.57
37027031401,26.29
37027031402,27.78
37027031403,40
37029950101,19.62
37029950102,17.52
37031970101,25.36
37031970102,19.74
37031970103,19.98
37031970200,16.28
37031970301,29.22
37031970304,56.14
37031970305,46.26
37031970401,80.13
37031970402,60.51
37031970403,48.66
37031970501,48.76
37031970502,9.5
37031970503,30.4
37031970504,14.34
37031970601,26.04
37031970602,5.86
37031970603,18.52
37031970606,18.75
37031970701,30.81
37031970702,33.55
37031970703,33.97
37031970704,14.79
37031970801,22.29
37031970804,12.5
37031970805,16.24
37031970806,16.29
37031970903,17.75
37031970904,15.48
37031971003,5.98
37031971103,28.95
37031980100,
37031990100,
37031990200,
37033930100,22.91
37033930200,39.7
37033930300,24.92
37033930400,31.08
37033930500,13.97
37033930600,15.84
37035010101,10.2
37035010102,22.4
37035010201,22.8
37035010203,25.84
37035010204,42.28
37035010301,16.89
37035010302,27
37035010303,23.54
37035010304,37.03
37035010402,70.06
37035010403,53.64
37035010404,48.03
37035010501,34.16
37035010502,11.67
37035010600,47.14
37035010700,66.02
37035010900,48.02
37035011000,57.38
37035011101,26.07
37035011102,38.5
37035011200,27.4
37035011300,30.77
37035011401,38.96
37035011402,28.68
37035011501,13.17
37035011503,13.47
37035011505,23.13
37035011506,9.55
37035011601,12.35
37035011602,17.82
37035011701,26.28
37035011702,20.45
37035011801,10.51
37035011802,24.12
37037020103,15.86
37037020104,14.13
37037020105,13.1
37037020107,17.07
37037020108,23.12
37037020201,21.97
37037020202,3.77
37037020203,24.68
37037020300,22.92
37037020401,41.35
37037020402,57.89
37037020500,19.03
37037020600,18.1
37037020702,12
37037020703,6.4
37037020704,31.97
37037020801,34.35
37037020802,23.11
37037020803,8.99
37039930101,36.87
37039930102,8.71
37039930200,11.79
37039930300,12.76
37039930401,20.31
37039930402,40.32
37039930501,26.62
37039930502,14.26
37039930603,12.86
37039930604,13.09
37039930605,10.31
37039930606,12.21
37041930101,53.92
37041930102,13.7
37041930201,24.41
37041930202,31.8
37043950101,24.44
37043950102,14.42
37043950201,26.58
37043950202,27.4
37045950101,24.54
37045950102,26.44
37045950200,18.1
37045950301,23.56
37045950302,23.52
37045950400,22.16
37045950500,55.71
37045950601,24.98
37045950603,11.63
37045950604,38.55
37045950701,29.71
37045950702,34.86
37045950800,31.98
37045950900,60.71
37045951000,36.31
37045951100,57.84
37045951200,44.31
37045951300,11.84
37045951400,29.5
37045951501,23.48
37045951502,31.38
37045951503,22.05
37045951601,32.92
37045951602,32.1
37047930100,18.86
37047930200,16.08
37047930300,21.68
37047930400,14.85
37047930500,15.88
37047930600,31.79
37047930700,21.45
37047930800,30.01
37047930900,54.15
37047931000,36.79
37047931100,30.59
37047931201,41.37
37047931202,10.95
37047931301,26.24
37047931302,28.25
37049960101,14.49
37049960102,31.25
37049960201,23.81
37049960202,26.75
37049960301,14.46
37049960302,41.42
37049960401,33.71
37049960402,31.77
37049960403,8.19
37049960404,8.56
37049960501,59.47
37049960502,52.36
37049960600,49.96
37049960700,42.52
37049960800,63.9
37049960900,66.38
37049961002,22.05
37049961003,9.23
37049961004,8.06
37049961101,36.41
37049961102,39.13
37049961201,96.03
37049961202,92.55
37049961301,46.08
37049961302,62.5
37049961303,19.19
37051000200,76.55
37051000500,56.63
37051000600,50.46
37051000701,33.92
37051000702,27.6
37051000800,45.54
37051000900,53.53
37051001000,85.75
37051001100,40.78
37051001200,64.77
37051001401,30.63
37051001402,66.53
37051001500,27.88
37051001603,48.61
37051001604,51.7
37051001605,32.94
37051001606,49.42
37051001701,46.36
37051001702,42.41
37051001800,47.93
37051001901,50
37051001902,42.78
37051001903,57.41
37051002001,69.39
37051002002,65.72
37051002100,59
37051002200,84.07
37051002301,63.68
37051002302,71.59
37051002401,75.16
37051002402,71.05
37051002501,41.45
37051002503,47.27
37051002504,44.69
37051002505,63.14
37051002506,76.25
37051002600,29.04
37051002701,13.93
37051002702,21.11
37051002801,12.92
37051002802,34.05
37051002900,26.16
37051003002,22.64
37051003003,22.92
37051003004,7.47
37051003102,28.24
37051003103,31.27
37051003105,22.64
37051003106,28.93
37051003203,50.36
37051003205,34.91
37051003206,19.57
37051003207,25.97
37051003208,69.4
37051003209,31.5
37051003302,71.03
37051003304,53.35
37051003307,52.68
37051003310,65.46
37051003311,90.98
37051003312,34.04
37051003313,38.31
37051003314,45.2
37051003315,60.19
37051003316,65.49
37051003317,41.7
37051003318,62.09
37051003401,97.76
37051003403,99.31
37051003404,
37051003408,100
37051003409,100
37051003410,97.89
37051003501,77.75
37051003502,73.68
37051003601,75.99
37051003602,52.95
37051003700,20.52
37051003800,69.75
37051980100,
37051980200,
37053110101,13.46
37053110102,13.64
37053110201,8.74
37053110202,4
37053110301,13.64
37053110302,18.68
37053110401,26.98
37053110403,24.39
37053110404,5.21
37053990100,
37055970101,8.21
37055970102,18.08
37055970200,24
37055970301,19.48
37055970302,39.08
37055970400,22.09
37055970501,20.7
37055970502,23.63
37055970601,26.81
37055970602,27.61
37055990100,
37055990200,
37057060101,40.17
37057060103,3.83
37057060104,6.32
37057060201,6.22
37057060202,22.79
37057060203,12.4
37057060301,9.55
37057060302,12.57
37057060303,11.59
37057060304,24.2
37057060400,27.22
37057060500,15.17
37057060601,27.31
37057060602,9.4
37057060700,33.89
37057060800,50.67
37057060900,56.12
37057061000,37.73
37057061101,31.57
37057061102,24.94
37057061202,29
37057061203,48.84
37057061204,52.68
37057061300,52.12
37057061400,79.96
37057061501,70.66
37057061502,26.12
37057061600,51.68
37057061701,20.92
37057061703,17.85
37057061704,20.25
37057061705,34.64
37057061803,28.58
37057061805,16.27
37057061806,29.37
37057061807,9.34
37057061808,16.49
37057061902,22.52
37057061903,46.54
37057061904,20.49
37057062001,13.78
37057062002,28.28
37059080101,23.75
37059080102,10.93
37059080200,12.58
37059080301,7.94
37059080302,17.88
37059080400,3.73
37059080500,31.12
37059080600,31.75
37059080701,28.05
37059080702,20.21
37061090101,36.96
37061090102,30.78
37061090103,37.02
37061090201,20.78
37061090202,33.66
37061090301,53.11
37061090302,41.69
37061090401,13.57
37061090402,30.46
37061090503,24.4
37061090504,17.9
37061090505,30.56
37061090506,5.86
37061090600,16.61
37061090703,13.87
37061090704,22.97
37061090705,39.05
37061090706,29.5
37061090801,35.87
37061090803,31.43
37061090804,48.03
37063000101,26.96
37063000102,58.02
37063000200,55.01
37063000301,75.52
37063000302,44.7
37063000401,21.29
37063000402,85.4
37063000500,72.93
37063000600,42.15
37063000700,58.94
37063000900,56.99
37063001001,64.66
37063001002,69.55
37063001100,80.1
37063001301,84.16
37063001303,51.67
37063001304,68.2
37063001400,65.6
37063001501,100
37063001503,
37063001504,98.35
37063001505,97.28
37063001601,11.3
37063001603,13.29
37063001604,4.58
37063001705,42.32
37063001706,50.84
37063001708,47.3
37063001709,73.47
37063001710,42.48
37063001711,81.73
37063001712,48.17
37063001713,6.76
37063001801,23.48
37063001802,56.27
37063001806,13.37
37063001808,10.35
37063001809,58.75
37063001810,31.26
37063001811,14.24
37063001900,10.87
37063002007,22.84
37063002008,1.45
37063002009,35.78
37063002013,9.61
37063002015,79.21
37063002019,46.55
37063002020,4.32
37063002021,58.35
37063002022,60.06
37063002023,56.77
37063002024,15.11
37063002025,33.65
37063002026,63.73
37063002029,71.69
37063002030,10.05
37063002031,72.75
37063002032,99.54
37063002033,35.16
37063002034,53.7
37063002035,42.53
37063002036,91.27
37063002037,71.05
37063002038,44.29
37063002100,7.04
37063002200,74.93
37063002300,78.29
37063980100,
37065020200,61.05
37065020300,59.4
37065020400,49.79
37065020600,22.39
37065020700,26.24
37065020800,22.58
37065020900,28.94
37065021000,44.3
37065021100,31.94
37065021200,46.73
37065021300,25
37065021400,24.28
37065021500,35.3
37065021600,22.52
37067000100,86.2
37067000200,87.03
37067000301,71.66
37067000302,49.44
37067000400,65.27
37067000500,80.71
37067000600,77.05
37067000700,86.65
37067000801,89.96
37067000802,76.48
37067000900,66.73
37067001000,57.69
37067001100,80.45
37067001200,26.81
37067001300,55.07
37067001400,55.16
37067001500,54.42
37067001601,22.33
37067001602,71.62
37067001700,46.99
37067001800,24.92
37067001901,66.27
37067001902,47.39
37067002001,39.35
37067002002,56.04
37067002100,29.03
37067002200,42.46
37067002501,18.39
37067002502,15.37
37067002601,11.89
37067002604,16.61
37067002605,48.79
37067002606,31.23
37067002701,48.17
37067002702,81.97
37067002704,88.08
37067002705,96.9
37067002801,9.95
37067002804,19.03
37067002806,69.42
37067002807,13.37
37067002808,25.26
37067002809,9.76
37067002901,30.55
37067002903,27.74
37067002904,14.74
37067003002,17.64
37067003003,24.79
37067003004,30.07
37067003103,14.98
37067003105,17.75
37067003106,5.38
37067003107,31.46
37067003108,33.22
37067003201,26.92
37067003202,46.78
37067003307,45.03
37067003308,11.36
37067003309,29.96
37067003310,22.66
37067003311,12.96
37067003312,33.81
37067003313,11.89
37067003314,28.11
37067003315,54.96
37067003402,16.44
37067003403,64.33
37067003404,62.32
37067003500,50.35
37067003600,33.45
37067003701,76.64
37067003702,26.71
37067003703,35.11
37067003803,34.54
37067003804,42.74
37067003805,53.2
37067003806,19.41
37067003903,59.92
37067003904,44.65
37067003905,62.69
37067003906,6.74
37067003908,8.63
37067003909,15.53
37067004005,11.29
37067004007,9.45
37067004009,5.56
37067004010,39.92
37067004011,27.67
37067004012,23.05
37067004013,39.5
37067004014,29.62
37067004015,25.34
37067004102,10.2
37067004103,22.95
37067004104,7.64
37069060100,22.53
37069060200,25.48
37069060301,41.51
37069060302,49.06
37069060401,24.05
37069060403,29.71
37069060404,27.26
37069060501,18.81
37069060502,13.29
37069060601,23.73
37069060602,28.02
37069060701,21.68
37069060702,40.67
37069060703,9.74
37069060801,18.14
37069060802,22.05
37071030103,11.97
37071030104,10.11
37071030105,24.36
37071030106,10.97
37071030205,26.95
37071030206,1.21
37071030207,12.06
37071030208,2.73
37071030209,13.43
37071030301,27.12
37071030302,31.61
37071030401,10.34
37071030403,19.18
37071030404,13.19
37071030501,24.89
37071030503,14.46
37071030504,15.21
37071030601,29.57
37071030602,20.56
37071030700,38.84
37071030801,9.41
37071030802,52.89
37071030901,38.49
37071030902,35.21
37071031001,28.44
37071031004,42.77
37071031005,9.31
37071031006,23.94
37071031101,37.71
37071031102,64.71
37071031202,47.5
37071031203,34.06
37071031204,45.66
37071031301,36.71
37071031303,66.34
37071031304,24.57
37071031401,51.87
37071031402,16.99
37071031500,70.58
37071031600,43.82
37071031703,20.93
37071031704,26.3
37071031705,18.92
37071031706,19.37
37071031800,40.66
37071031901,84.68
37071031902,59.1
37071032000,65.33
37071032100,79.32
37071032201,40.62
37071032202,40.32
37071032301,53.24
37071032302,40.31
37071032403,26.36
37071032404,26.26
37071032405,5.92
37071032406,5.03
37071032505,61.23
37071032506,66.99
37071032507,10.25
37071032508,8.9
37071032509,9.81
37071032510,0.48
37071032600,22.5
37071032702,59.62
37071032703,50.2
37071032704,63.68
37071032801,71.54
37071032802,54.08
37071032900,63.44
37071033100,45.58
37071033202,21.02
37071033203,45.23
37071033204,45.88
37071033303,11.86
37071033306,8.55
37071033308,20.77
37071033309,19.16
37071033310,26.35
37071033311,12.3
37071033312,18.92
37071033313,8.45
37071033400,37.5
37071033501,22.32
37071033502,17.66
37073970100,17.59
37073970200,14.59
37073970300,29.9
37075920100,14.22
37075920200,4.21
37075920300,32.19
37077970101,34.56
37077970102,20.89
37077970200,32.99
37077970300,42.03
37077970400,56.28
37077970500,22.84
37077970601,24.84
37077970604,11.01
37077970605,8.92
37077970606,15.05
37077970607,18.4
37077970701,12.38
37077970702,42.4
37077970703,29.9
37077970704,
37079950101,17.9
37079950102,33.56
37079950200,17.21
37079950301,43.92
37079950302,46.75
37081010100,62.07
37081010200,74.68
37081010300,56.6
37081010401,39.68
37081010403,49.62
37081010404,6.92
37081010500,36.39
37081010601,37.85
37081010602,70.48
37081010701,48.09
37081010702,79.59
37081010800,74.63
37081010900,77.84
37081011000,85.67
37081011101,67.39
37081011102,33.83
37081011201,77.44
37081011202,65.41
37081011300,52.24
37081011400,78.47
37081011500,49.91
37081011601,53.21
37081011602,62.72
37081011904,57.36
37081011905,47.84
37081012503,29
37081012504,62.41
37081012505,2.52
37081012508,29.08
37081012509,13.19
37081012510,3.59
37081012511,3.47
37081012604,42.86
37081012607,32.83
37081012608,91.59
37081012610,34.77
37081012611,68.54
37081012612,48.23
37081012617,52.4
37081012618,95.72
37081012619,79.63
37081012620,73.33
37081012621,42.9
37081012703,51.11
37081012704,60.95
37081012705,36.8
37081012706,69.23
37081012707,77.88
37081012803,25.79
37081012804,56.55
37081012805,65.15
37081013601,42.05
37081013602,50.39
37081013700,25.45
37081013800,54.92
37081013900,83.37
37081014000,66.25
37081014200,71.4
37081014300,80.32
37081014406,14.94
37081014407,42.33
37081014408,55.9
37081014409,26.36
37081014410,58.25
37081014411,47.87
37081014412,31.39
37081014501,53.3
37081014502,54.51
37081014503,52.46
37081015100,16.96
37081015201,24.74
37081015202,31.56
37081015301,13.29
37081015302,50.56
37081015401,15.97
37081015402,35.34
37081015500,52.93
37081015601,4.61
37081015602,18.58
37081015703,38.2
37081015704,44.75
37081015705,65.48
37081015706,8.32
37081015707,25.74
37081015800,15.84
37081015901,15.41
37081015902,2.75
37081016003,13.6
37081016005,42.65
37081016006,64.25
37081016007,41.09
37081016008,19.46
37081016009,6.09
37081016010,50.39
37081016011,74.51
37081016101,30.19
37081016102,69.3
37081016103,61.63
37081016201,20.5
37081016203,28.6
37081016204,7.58
37081016205,32.64
37081016303,16.5
37081016304,6.61
37081016305,22.88
37081016306,35.79
37081016405,38.22
37081016406,55.36
37081016407,30.18
37081016408,1.45
37081016409,15.56
37081016410,22.55
37081016502,28.35
37081016503,67.51
37081016505,45.9
37081016506,9.81
37081016600,14.96
37081016701,38.58
37081016702,19.23
37081016800,34.29
37081016900,12.56
37081017000,21.36
37081017101,7.05
37081017102,15.85
37081017200,12.91
37081980100,
37083930100,41.41
37083930200,41.83
37083930300,44.41
37083930400,59.67
37083930501,43.98
37083930503,18.92
37083930504,41.48
37083930600,29.35
37083930701,31.3
37083930702,12.96
37083930800,28.58
37083930901,38.49
37083930902,42.49
37083931000,29.01
37083931101,14.94
37083931102,40.81
37085070100,44.97
37085070200,37.5
37085070300,40
37085070401,27.99
37085070402,35.46
37085070500,36.29
37085070600,24.34
37085070700,38.71
37085070801,22.82
37085070802,47.18
37085070901,16.54
37085070902,25.17
37085070903,22.9
37085070904,25.3
37085071002,10.89
37085071003,12.17
37085071004,14.66
37085071101,28.3
37085071102,13.17
37085071201,31.83
37085071202,41.57
37085071203,40.57
37085071204,30.24
37085071301,24.93
37085071302,32.05
37085071303,30.77
37085071401,29.37
37085071402,66.17
37087920101,20.53
37087920102,30.01
37087920201,26.68
37087920202,18.75
37087920300,38.8
37087920400,25.81
37087920501,30.31
37087920502,26.99
37087920601,21.91
37087920602,15.72
37087920701,16.26
37087920702,17.83
37087920800,20.33
37087920900,46.95
37087921000,27.12
37087921100,42.87
37087921201,32.29
37087921202,36.58
37087921301,11.41
37087921302,18.62
37087980100,
37089930100,23.98
37089930201,17.79
37089930202,22.76
37089930301,52.89
37089930302,28.35
37089930401,15.2
37089930402,27.12
37089930501,34.36
37089930502,13.82
37089930600,25.2
37089930701,9.26
37089930702,19.49
37089930703,15.44
37089930800,30.45
37089930900,24.18
37089931000,51.69
37089931100,40.47
37089931200,56.06
37089931300,45.1
37089931401,40.85
37089931402,47.68
37089931500,8.9
37089931600,23.38
37089931700,14.83
37089931801,17.27
37089931802,10.38
37089931901,11.31
37089931902,7.7
37089932000,12.27
37089980100,
37091950101,31.4
37091950102,31.32
37091950201,22.23
37091950202,23.19
37091950300,18.07
37091950401,43.92
37091950402,46.97
37091980000,
37093970104,26.93
37093970105,37.67
37093970106,23.32
37093970107,39.25
37093970108,21.54
37093970109,37.8
37093970201,20.16
37093970202,27.29
37093970300,43.07
37093970401,29.86
37093970402,26.34
37093980100,0
37095920101,25.74
37095920102,33.3
37095990100,
37095990200,
37097060100,42.05
37097060200,52.4
37097060300,47.2
37097060400,46.51
37097060500,44.46
37097060601,55.02
37097060602,9.59
37097060603,21.5
37097060701,25.02
37097060702,15.76
37097060703,25.57
37097060801,18.47
37097060802,18.33
37097060901,21.36
37097060902,17.59
37097061001,23.41
37097061002,14.86
37097061003,30.46
37097061101,16.7
37097061102,15.3
37097061103,23.04
37097061104,23.24
37097061201,11.28
37097061202,23.65
37097061203,31.2
37097061204,6.52
37097061205,13.21
37097061301,33.13
37097061302,20.69
37097061303,12.87
37097061304,42.52
37097061401,2.56
37097061402,45.33
37097061403,46.19
37097061404,45.73
37097061405,12.81
37097061406,7.97
37097061407,27.02
37097061408,16.28
37097061501,33.78
37097061502,24.15
37097061503,24.03
37097061601,44.03
37097061603,60.79
37097061604,11.9
37097061605,29
37099940200,30.69
37099950200,25.43
37099950300,41.99
37099950400,35.93
37099950500,27.59
37099950600,58.09
37099950700,37.5
37099950800,33.95
37099950900,16.69
37101040101,46.41
37101040102,34.33
37101040103,19.88
37101040204,17.96
37101040205,12.25
37101040206,20.98
37101040207,8.62
37101040208,4.04
37101040209,35.83
37101040210,5.03
37101040301,43.42
37101040303,68.69
37101040304,20.75
37101040400,22.55
37101040501,39.53
37101040502,8.52
37101040600,39.82
37101040700,40.75
37101040800,51.63
37101040903,9.59
37101040904,18.43
37101040905,25.82
37101040906,6.26
37101041001,31.62
37101041003,27.78
37101041004,53.5
37101041005,29.41
37101041104,18.62
37101041105,25.45
37101041106,1.58
37101041107,12.76
37101041108,37.03
37101041109,21.3
37101041110,14.9
37101041111,36.69
37101041112,22.61
37101041113,0
37101041203,32.1
37101041204,28.39
37101041205,49.49
37101041206,31.83
37101041301,13.81
37101041302,20.51
37101041401,40.5
37101041402,36.74
37101041504,10.64
37101041505,32.95
37101041506,9.74
37101041507,12.15
37101041508,15.04
37101041509,11.55
37101041510,14.74
37101041511,5.62
37103920100,32.46
37103920200,20.98
37103920300,24.1
37105030101,59.67
37105030102,20.55
37105030200,58.92
37105030300,62.89
37105030401,46.39
37105030402,38.39
37105030502,23.13
37105030504,26.19
37105030505,27.12
37105030506,66.16
37105030507,19.87
37105030601,4.73
37105030602,36.43
37105030702,30.18
37105030703,9.53
37105030704,46.08
37107010100,32.23
37107010200,43.94
37107010300,88.4
37107010400,65.54
37107010500,71.79
37107010600,38.93
37107010700,80.36
37107010800,49.43
37107010900,31.33
37107011001,37.53
37107011002,40.28
37107011100,41.8
37107011201,29.35
37107011202,36.83
37107011301,28.55
37107011302,18.8
37107011400,24.82
37109070100,51.56
37109070201,61.59
37109070202,11.24
37109070300,31.8
37109070400,14.15
37109070500,17.21
37109070600,14.38
37109070700,12.95
37109070800,31.94
37109070901,11.97
37109070902,16.73
37109071001,19.98
37109071002,12.12
37109071101,31.38
37109071102,11.41
37109071201,13.55
37109071202,7.35
37109071203,12.35
37111970101,28.26
37111970102,22.83
37111970200,15.9
37111970300,28.21
37111970400,45.25
37111970500,44.63
37111970600,17.63
37111970700,24.83
37111970800,26.06
37111970902,17.69
37111970903,23.84
37111970904,30.92
37113970100,16.34
37113970200,20.25
37113970302,32.56
37113970303,13.88
37113970304,31.09
37113970400,23.44
37113970501,33.09
37113970502,32.32
37113970600,21.28
37113970700,38.61
37115010100,14.92
37115010200,27.04
37115010400,21.61
37115010500,24.24
37115010601,20.77
37115010602,33.04
37115010700,26.1
37117970100,23.28
37117970200,42.16
37117970300,41.37
37117970400,30.74
37117970500,25.59
37117970600,36.82
37119000101,94.06
37119000102,80.71
37119000103,72.99
37119000104,44.41
37119000301,84.14
37119000302,79.45
37119000401,89.54
37119000402,96.28
37119000501,71.28
37119000502,91.84
37119000503,62.04
37119000600,76.08
37119000700,83.31
37119000800,54.38
37119000900,36.89
37119001000,52.51
37119001100,58.14
37119001200,42.07
37119001300,53.29
37119001400,48.45
37119001504,54.62
37119001505,17.8
37119001507,78.84
37119001508,41.66
37119001509,33.33
37119001510,48.17
37119001603,61.6
37119001605,74.9
37119001606,62.71
37119001607,78.3
37119001608,57.31
37119001609,59.53
37119001701,77.78
37119001702,62.23
37119001801,73.4
37119001802,55.82
37119001910,56.86
37119001911,34.88
37119001914,61.24
37119001916,34.99
37119001917,49.82
37119001918,75.41
37119001919,42
37119001920,38.06
37119001921,30.02
37119001922,31.36
37119001923,56.11
37119001924,60.67
37119001925,73.87
37119001926,71.4
37119001927,100
37119002004,42.68
37119002005,78.23
37119002006,23.67
37119002007,49.5
37119002008,2.12
37119002100,56.48
37119002201,42.74
37119002202,45.04
37119002300,79.58
37119002400,67.09
37119002500,73.63
37119002600,58.05
37119002701,17.61
37119002702,17.61
37119002800,5.74
37119002903,49.87
37119002905,27.94
37119002907,54.71
37119002908,27.27
37119002909,69.11
37119002910,66.72
37119003006,33.99
37119003008,40.83
37119003012,47.47
37119003013,5.41
37119003015,9.88
37119003016,53.78
37119003017,14.19
37119003018,36.66
37119003019,11.11
37119003020,4.12
37119003021,36.8
37119003022,12.52
37119003102,56.54
37119003105,14.05
37119003106,28.35
37119003108,65.87
37119003109,98.64
37119003110,21.62
37119003111,50.83
37119003201,27.46
37119003203,75.3
37119003204,33.52
37119003301,88.21
37119003302,39.16
37119003401,58.5
37119003402,32.15
37119003500,39.17
37119003600,63.79
37119003701,100
37119003702,90.55
37119003802,63.73
37119003805,81.75
37119003807,64.23
37119003808,80.34
37119003809,49.36
37119003810,68.39
37119003811,60.4
37119003902,66.04
37119003903,93.66
37119004000,54.36
37119004101,66.21
37119004102,55.43
37119004200,64.72
37119004302,60.47
37119004303,31.34
37119004304,46.38
37119004306,97.5
37119004307,28.86
37119004400,41.57
37119004500,43.4
37119004600,53.77
37119004700,53.78
37119004800,61.56
37119004900,25.37
37119005000,50.55
37119005100,70.03
37119005200,68.78
37119005301,71.32
37119005305,61.41
37119005306,52.47
37119005307,88.48
37119005308,92.83
37119005403,34.76
37119005404,43.11
37119005405,35.56
37119005406,47.19
37119005508,17.94
37119005510,41.51
37119005511,67.82
37119005512,31.66
37119005513,17.24
37119005515,12.08
37119005516,13.8
37119005517,23.11
37119005519,51.07
37119005520,9.61
37119005522,67.65
37119005525,42.09
37119005526,10.39
37119005527,43.53
37119005528,48.89
37119005529,66.58
37119005530,28.44
37119005531,42.72
37119005532,80.73
37119005533,88.47
37119005534,94.57
37119005535,76.75
37119005536,57.36
37119005604,78.69
37119005609,94.26
37119005610,57.33
37119005611,44.36
37119005612,26.92
37119005613,27.62
37119005615,11.54
37119005616,38.74
37119005617,9.39
37119005618,18.13
37119005619,13.54
37119005621,21.5
37119005622,83.6
37119005623,82.37
37119005624,14.79
37119005625,17.68
37119005626,22.21
37119005627,20.92
37119005709,46.82
37119005710,51.63
37119005712,9.85
37119005713,8.45
37119005714,6.71
37119005715,6.56
37119005716,22.4
37119005718,17.78
37119005719,18.5
37119005720,16.61
37119005721,27.69
37119005722,9.09
37119005723,65.44
37119005811,21.3
37119005815,33.68
37119005816,18.7
37119005817,19
37119005824,37.44
37119005826,32.75
37119005827,64.32
37119005828,18.41
37119005829,89.37
37119005830,25.98
37119005832,31.34
37119005833,22.96
37119005834,38.34
37119005835,12.35
37119005836,12.05
37119005839,54.14
37119005840,34.6
37119005843,25.15
37119005845,37.74
37119005846,0.24
37119005847,22.88
37119005848,2.18
37119005849,11.59
37119005850,54.79
37119005851,16.04
37119005852,62.47
37119005853,74.58
37119005854,72.98
37119005855,34.46
37119005856,39.5
37119005857,14.56
37119005858,58.55
37119005859,37.69
37119005860,54.49
37119005861,27.56
37119005862,15.27
37119005863,29.32
37119005864,26.86
37119005865,24.73
37119005866,98
37119005867,68.4
37119005868,38.99
37119005908,12.14
37119005910,59.94
37119005913,31.21
37119005915,85.93
37119005916,70.8
37119005918,19.81
37119005919,24.79
37119005920,56.13
37119005921,40.42
37119005922,16.38
37119005923,58.25
37119005924,21.31
37119005925,12.35
37119005926,7.57
37119005927,57.72
37119005928,14.67
37119005929,28.74
37119005930,62.44
37119005931,36.04
37119005932,28.85
37119006005,17.82
37119006008,25.02
37119006009,26.7
37119006011,26.72
37119006012,17.25
37119006013,18.16
37119006014,18.04
37119006015,13.98
37119006016,52.55
37119006103,45.06
37119006105,28.16
37119006108,21.32
37119006109,48.55
37119006110,33
37119006111,33.52
37119006112,68.33
37119006113,46.11
37119006114,41.43
37119006115,100
37119006208,53.89
37119006209,67.19
37119006210,25.08
37119006211,9.73
37119006212,45.71
37119006214,6.58
37119006216,17.69
37119006217,32.18
37119006218,4.13
37119006219,1.12
37119006220,16.73
37119006221,11.54
37119006222,8.2
37119006223,18.68
37119006224,57.02
37119006305,6.5
37119006306,6.57
37119006307,28.12
37119006308,40.56
37119006309,46.67
37119006310,26.71
37119006311,4.8
37119006403,25.6
37119006404,1.18
37119006407,31.76
37119006408,64.65
37119006409,27.67
37119006410,23.95
37119006411,30.81
37119980100,
37119980200,
37119980300,0
37121950100,15.97
37121950200,18.12
37121950300,30.17
37121950400,19.61
37123960101,26.22
37123960102,41.02
37123960201,13.68
37123960202,37.41
37123960301,15.73
37123960302,12.95
37123960401,34.67
37123960402,12.14
37123960501,26.81
37123960502,12.54
37125950100,8.38
37125950201,39.22
37125950202,21.22
37125950303,8.12
37125950304,24.3
37125950305,9.43
37125950306,17.37
37125950402,9.06
37125950403,25.56
37125950404,18.91
37125950503,27.71
37125950504,22.24
37125950505,17.28
37125950506,14.74
37125950507,15.6
37125950601,10.18
37125950603,14.62
37125950604,14.43
37125950702,13.23
37125950703,22.28
37125950704,22.92
37125950801,40.01
37125950802,43.84
37125950900,53
37125951001,34.02
37125951002,26.3
37125951101,12.57
37125951102,36.84
37125951200,21.39
37127010200,54.92
37127010301,58.59
37127010302,23.12
37127010400,75.2
37127010503,13.95
37127010504,30.45
37127010505,70.24
37127010506,53.27
37127010601,37.45
37127010603,18.88
37127010604,58.42
37127010700,25.27
37127010801,12.02
37127010802,8.92
37127010900,24.11
37127011000,34.42
37127011101,16.75
37127011103,39.2
37127011104,27.04
37127011201,30.69
37127011202,11.29
37127011300,24.36
37127011400,31.24
37127011501,41.81
37127011502,31.96
37129010100,42.11
37129010200,53.38
37129010300,59.65
37129010400,34.13
37129010501,82.17
37129010503,73.56
37129010504,84.87
37129010600,43.12
37129010700,87.81
37129010800,57.66
37129010900,50.63
37129011000,81.92
37129011100,68.22
37129011200,44.19
37129011300,74
37129011400,67.9
37129011501,87.73
37129011502,33.75
37129011503,19.59
37129011504,27.91
37129011605,51.32
37129011606,31.98
37129011608,21.17
37129011609,41.24
37129011610,63.35
37129011611,42.86
37129011612,23.35
37129011701,29.98
37129011703,26.12
37129011705,16.03
37129011800,28.57
37129011904,49.66
37129011905,48.68
37129011906,70.26
37129012004,11.46
37129012006,30.87
37129012007,60.13
37129012008,66.73
37129012009,20.68
37129012010,25.79
37129012011,25.11
37129012012,7.89
37129012103,8.88
37129012106,22.44
37129012107,12.2
37129012108,27.32
37129012109,8.29
37129012110,27.07
37129012111,33.45
37129012201,33
37129012202,27.49
37129012203,31.07
37129012300,19.89
37129980100,
37129990100,
37131920101,35.51
37131920102,10.75
37131920103,27.11
37131920201,24.03
37131920202,39.66
37131920301,38.81
37131920302,20.86
37131920303,27.77
37131920401,29.71
37131920402,9.11
37133000103,26.46
37133000104,25.43
37133000105,33.09
37133000203,24.23
37133000204,43.15
37133000205,21.47
37133000206,22.51
37133000207,21.63
37133000303,40.87
37133000304,31.48
37133000305,51.73
37133000306,33.43
37133000401,23.75
37133000403,19.89
37133000404,24.77
37133000405,25.75
37133000500,100
37133000600,100
37133000700,100
37133000800,100
37133000901,91.63
37133000902,99.11
37133001000,100
37133001101,44.75
37133001102,67.22
37133001201,29.94
37133001202,40.76
37133001301,70.36
37133001302,16.7
37133001303,14.46
37133001304,68.91
37133001400,25.7
37133001500,62.04
37133001700,57.29
37133001800,56.89
37133002100,26.08
37133002201,47.07
37133002202,54.83
37133002300,35.51
37133002400,59.23
37133002500,37
37133002600,75.17
37133002801,21.81
37133002802,27.16
37133002803,40.84
37133990100,
37135010701,10.1
37135010705,60.76
37135010706,12.13
37135010707,82.24
37135010708,78.9
37135010709,84.77
37135010710,40.35
37135010802,11.21
37135010803,11.52
37135010804,24.43
37135010902,26.31
37135010903,14.89
37135010904,19.52
37135011001,15.94
37135011002,37.71
37135011103,22.41
37135011104,10.56
37135011105,25
37135011106,30.63
37135011107,20.83
37135011204,5.41
37135011206,58.73
37135011207,40.3
37135011208,19.87
37135011209,14.59
37135011210,14.68
37135011211,14.47
37135011300,86.22
37135011400,57.72
37135011500,30.42
37135011601,100
37135011602,99.6
37135011700,73.81
37135011800,48.46
37135011902,44.31
37135011903,44.14
37135011904,37.44
37135012101,59.29
37135012102,35.28
37135012103,44.61
37135012201,13.75
37135012202,41.54
37137950101,17.28
37137950103,23.64
37137950104,24.08
37137950202,19.84
37137950203,18.29
37137950204,25.03
37137990100,
37139960100,66.88
37139960200,55.77
37139960300,82.11
37139960400,58.62
37139960501,29
37139960502,30.16
37139960503,24.74
37139960600,26.32
37139960701,20.49
37139960702,11.69
37141920104,11.4
37141920105,33.96
37141920106,23.22
37141920201,23.83
37141920202,3.41
37141920203,26.88
37141920204,17.98
37141920300,20.92
37141920401,32.51
37141920402,31.05
37141920403,17.93
37141920501,20.93
37141920502,9.22
37141920601,21.51
37141920602,18.66
37141990100,
37143920101,30.02
37143920102,22.03
37143920201,27.76
37143920202,20.42
37145920100,19.11
37145920200,10.22
37145920300,45.61
37145920400,51.63
37145920500,12.27
37145920601,17.84
37145920602,9.67
37147000101,85.78
37147000102,94.28
37147000201,90.82
37147000202,61.7
37147000301,18.78
37147000303,100
37147000304,33.28
37147000400,51.39
37147000501,37.34
37147000503,82.16
37147000504,90.4
37147000602,84.36
37147000604,56.52
37147000605,92.64
37147000606,44.76
37147000607,43.54
37147000701,88.4
37147000702,73.76
37147000800,47.54
37147000901,47.36
37147000902,38.32
37147001001,31.54
37147001002,12.28
37147001003,21.38
37147001100,25.92
37147001200,33.24
37147001301,33.96
37147001302,11.73
37147001304,7.26
37147001305,53.08
37147001402,27.46
37147001403,37.18
37147001404,38.04
37147001500,51.23
37147001601,26.94
37147001602,55.72
37147001700,33.15
37147001800,40.84
37147001900,23.41
37147002002,29.55
37147002003,59.7
37147002004,11.15
37149920101,15.89
37149920103,23.72
37149920104,32.06
37149920201,14.03
37149920202,25.88
37149920301,30.54
37149920303,13.55
37149920304,32.18
37151030100,68.33
37151030201,48.89
37151030202,19.33
37151030301,47.28
37151030302,70.41
37151030400,54.26
37151030502,17.67
37151030503,10.31
37151030504,22.24
37151030600,25.2
37151030700,14.11
37151030803,10.48
37151030804,2.99
37151030805,33.87
37151030806,20.06
37151030900,10.44
37151031001,32.09
37151031002,30.32
37151031101,21.05
37151031102,29.79
37151031200,41.69
37151031303,16.2
37151031304,24.28
37151031305,30.18
37151031307,13.38
37151031308,12.7
37151031401,32.24
37151031402,18.96
37151031501,14.73
37151031503,41.96
37151031504,8.33
37151031505,16.14
37151031601,26.68
37151031602,43.13
37153970100,13.84
37153970200,21.06
37153970300,31.39
37153970400,15.99
37153970500,54.96
37153970600,66.31
37153970700,38.06
37153970800,31.53
37153970900,29.98
37153971000,44.22
37153971100,35.15
37155960101,29.67
37155960102,37.81
37155960202,23.65
37155960203,24.59
37155960204,26.42
37155960301,46.82
37155960302,32.36
37155960402,22.43
37155960403,22.66
37155960404,15.37
37155960501,28.19
37155960502,60.96
37155960503,39.57
37155960601,26.11
37155960602,41.8
37155960701,26.61
37155960702,27.81
37155960801,71.26
37155960802,36.47
37155960900,31.13
37155961000,61.13
37155961100,64.21
37155961200,53.4
37155961301,31.67
37155961302,56.09
37155961400,19.78
37155961500,32.67
37155961601,34.56
37155961602,24.94
37155961700,47.3
37155961801,21.35
37155961802,31.85
37155961900,25.13
37155962001,46.07
37155962002,23.71
37157040101,22.74
37157040102,29.05
37157040200,40.63
37157040300,55.2
37157040400,42.62
37157040501,34.72
37157040502,35.8
37157040601,14.24
37157040602,21.7
37157040700,19.44
37157040800,47.04
37157040900,42.03
37157041001,16.53
37157041002,11.28
37157041100,13.45
37157041200,44
37157041300,23.2
37157041400,48.72
37157041501,10.85
37157041502,47.37
37157041601,10.23
37157041602,12.76
37159050201,40.29
37159050202,48.43
37159050300,65.38
37159050400,74.55
37159050500,42.69
37159050700,39.8
37159050800,42.62
37159050901,17.24
37159050903,6.59
37159050904,17.09
37159051001,34.32
37159051002,23.47
37159051101,18.02
37159051102,19.11
37159051201,18.88
37159051202,21.02
37159051204,43.04
37159051301,43.21
37159051302,11.36
37159051303,46.03
37159051400,28.76
37159051501,38.89
37159051502,37.33
37159051600,18.86
37159051700,26.67
37159051801,32.3
37159051802,18.51
37159051901,18.51
37159051903,6.28
37159051904,28.6
37159052000,54.81
37161960101,15.09
37161960102,13.68
37161960103,23.66
37161960201,20.62
37161960202,5.23
37161960203,8.38
37161960301,10.17
37161960302,22.27
37161960400,22.31
37161960501,23.78
37161960502,33.57
37161960503,45.61
37161960600,52.33
37161960700,34.28
37161960800,64.2
37161960900,39.01
37161961001,13.82
37161961002,16.47
37161961102,9.87
37161961103,29.83
37161961104,13.71
37161961200,24.55
37163970101,15.55
37163970102,21.49
37163970201,27.91
37163970202,20.69
37163970302,15.14
37163970303,11.12
37163970304,10.8
37163970401,15.8
37163970402,26.12
37163970501,19.94
37163970502,26.26
37163970600,50.32
37163970701,28.78
37163970702,27.94
37163970801,46.7
37163970802,39.13
37163970900,25.54
37163971001,25.3
37163971002,13.46
37163971003,22.95
37165010101,28.37
37165010102,61.62
37165010200,55.78
37165010300,55.49
37165010400,22.38
37165010501,33.54
37165010502,36.1
37165010601,23.24
37165010602,31.57
37167930101,12.92
37167930102,19.54
37167930200,24.39
37167930300,29.39
37167930500,39.27
37167930700,14.35
37167930801,15.74
37167930802,20.18
37167930901,16.06
37167930902,17.91
37167931001,20.22
37167931002,19.47
37167931101,20.84
37167931102,28
37167931202,35.9
37167931203,70.89
37167931204,44.05
37169070101,11.43
37169070102,20.66
37169070200,21.47
37169070301,12.7
37169070302,18.33
37169070400,19.77
37169070503,14.88
37169070504,19.41
37169070505,25.44
37169070506,43.72
37169070600,17.33
37169070701,50.63
37169070702,31.55
37171930101,25.82
37171930102,20.37
37171930201,25.28
37171930202,31.88
37171930301,10.77
37171930302,41.72
37171930400,73.11
37171930501,14.38
37171930502,35.86
37171930600,41.21
37171930700,13.66
37171930802,13.03
37171930803,23.56
37171930804,16.81
37171930901,35.5
37171930902,13.34
37171931001,29.09
37171931002,31.58
37171931003,28.38
37171931101,16.34
37171931102,16.33
37171931103,13.97
37171931200,29.32
37173940100,27.88
37173960200,17.95
37173960301,25.99
37173960302,20.59
37173980200,
37175960100,20.94
37175960201,36.03
37175960202,39.23
37175960301,36.96
37175960302,24.11
37175960401,8.62
37175960403,4.2
37175960404,16.92
37175960501,21.48
37175960502,47.67
37175960601,17.55
37175960602,10.2
37177960100,28.13
37179020100,10.48
37179020203,7.96
37179020204,13.39
37179020205,16.96
37179020206,10.77
37179020305,13.13
37179020307,12.42
37179020308,15.12
37179020309,5.14
37179020310,8.68
37179020312,25.39
37179020313,19.48
37179020314,15.01
37179020315,5.45
37179020316,20.6
37179020317,9.71
37179020318,16.27
37179020319,11.1
37179020320,9.36
37179020321,17.41
37179020401,15.95
37179020403,19.65
37179020405,69.01
37179020406,82.22
37179020501,37.3
37179020502,25.88
37179020601,47.99
37179020602,50.39
37179020701,27.75
37179020702,23.51
37179020800,22.73
37179020901,21.31
37179020902,18.92
37179021004,12.34
37179021005,14.13
37179021006,3.19
37179021007,1.01
37179021009,2.95
37179021012,10.36
37179021013,28.02
37179021014,26.15
37179021015,14.11
37179021016,0.58
37179021017,2.11
37179021018,4.43
37179021019,4.82
37179021020,10.25
37179021021,0
37181960100,19.05
37181960200,24.21
37181960300,19.52
37181960400,39.75
37181960500,64.48
37181960600,66.08
37181960700,73.37
37181960800,47.15
37181960901,23.38
37181960902,17.52
37181960903,55.45
37181961000,42.16
37183050100,81.64
37183050300,71.16
37183050400,43.79
37183050500,26.42
37183050600,51.99
37183050700,50.73
37183050800,75.88
37183050900,76.22
37183051000,70.27
37183051101,85.93
37183051102,93.65
37183051200,71.32
37183051400,53.97
37183051501,19.41
37183051502,43.15
37183051600,18.54
37183051700,26.37
37183051800,31.11
37183051900,36.33
37183052001,84.84
37183052002,44.83
37183052101,43.8
37183052102,47.34
37183052303,79.04
37183052304,42.52
37183052305,94.57
37183052306,37.28
37183052307,78.75
37183052401,76.66
37183052404,44.37
37183052407,60.95
37183052408,89.73
37183052409,98.24
37183052410,65.31
37183052411,87.59
37183052504,54.63
37183052505,53.45
37183052506,49.16
37183052507,39.04
37183052508,53.33
37183052509,58.33
37183052601,18.26
37183052602,43.06
37183052603,46.77
37183052701,60.78
37183052704,77.96
37183052705,60.64
37183052706,48.38
37183052707,38.74
37183052801,27.29
37183052802,40.92
37183052807,28.59
37183052809,21.17
37183052810,29.92
37183052811,32.35
37183052812,21.51
37183052813,76.36
37183052814,20.14
37183052815,30.88
37183052816,21.4
37183052901,16.74
37183052902,13.02
37183052903,9.04
37183052905,4.76
37183052906,17.48
37183053003,69.24
37183053004,30.53
37183053005,2.29
37183053006,3.38
37183053007,6.66
37183053009,26.81
37183053010,15.99
37183053011,74.49
37183053105,24.94
37183053106,41.24
37183053109,32.33
37183053110,10.94
37183053111,13.76
37183053112,22.85
37183053113,28.9
37183053114,11.98
37183053115,30.03
37183053202,5.95
37183053203,15.56
37183053204,38.33
37183053205,18.82
37183053206,14.76
37183053208,13.27
37183053209,13.42
37183053210,6.49
37183053211,9.07
37183053405,30.06
37183053408,20.5
37183053409,9.07
37183053410,10.06
37183053411,28.61
37183053415,26.11
37183053417,42.35
37183053419,14.32
37183053421,32.37
37183053422,5.91
37183053423,28.36
37183053424,13.87
37183053425,40.42
37183053426,9.94
37183053427,25.06
37183053428,5.5
37183053429,27.07
37183053430,37.31
37183053431,38.2
37183053432,9.72
37183053433,6.5
37183053434,17.21
37183053435,49.39
37183053436,30.94
37183053505,9.51
37183053506,27.55
37183053507,54.42
37183053509,5.74
37183053512,50
37183053513,62.38
37183053516,52.63
37183053517,46.34
37183053518,12.07
37183053519,54.63
37183053520,65.91
37183053521,13.37
37183053522,64.05
37183053523,43.41
37183053524,40
37183053525,21.37
37183053603,22.99
37183053604,7.73
37183053608,24.33
37183053609,73.94
37183053611,28.6
37183053612,50.71
37183053613,71.42
37183053614,44.92
37183053615,70.83
37183053616,48.19
37183053617,40.91
37183053618,71.88
37183053619,96.28
37183053620,42.39
37183053711,23.9
37183053712,10.34
37183053713,80.02
37183053714,27.31
37183053715,10.75
37183053716,46.45
37183053717,64.79
37183053718,7.32
37183053719,9.24
37183053720,2.45
37183053721,3.56
37183053722,43.99
37183053723,17.44
37183053724,35.54
37183053725,32.28
37183053726,57.16
37183053727,40.09
37183053728,63.54
37183053729,25.65
37183053730,66.15
37183053803,2.8
37183053804,6.52
37183053805,0.82
37183053806,3.33
37183053807,16.93
37183053808,0.94
37183053901,0
37183053902,2.38
37183054001,46.89
37183054004,41.48
37183054006,48.14
37183054007,40.41
37183054008,80.14
37183054011,5.1
37183054012,24.22
37183054015,67.47
37183054016,22.66
37183054017,57.08
37183054018,89.3
37183054019,23.06
37183054020,26.89
37183054021,5.89
37183054022,44.16
37183054023,42.28
37183054106,41.54
37183054108,24.17
37183054109,7.55
37183054111,20.63
37183054112,21.76
37183054113,49.3
37183054114,18.27
37183054115,29.22
37183054116,39.27
37183054117,21.51
37183054118,14.04
37183054119,19.18
37183054120,7.19
37183054121,12.8
37183054203,14.37
37183054204,32.87
37183054206,48.79
37183054212,61.85
37183054213,22.64
37183054214,19.87
37183054215,23.8
37183054216,16.27
37183054217,0.73
37183054218,27.5
37183054219,25.59
37183054220,55.5
37183054221,4.91
37183054222,12.17
37183054223,34.92
37183054224,32.44
37183054303,19.52
37183054304,2.7
37183054305,27.96
37183054306,45.55
37183054402,18.67
37183054403,20.63
37183054404,34.23
37183054501,58.1
37183054502,77.13
37183980100,
37183980200,
37185950101,8.07
37185950102,18.75
37185950103,18.84
37185950201,34.81
37185950202,40.39
37185950300,41.47
37185950400,30.78
37187950100,23.42
37187950201,52.09
37187950202,34.87
37187950300,30.73
37189920100,11.4
37189920200,15.07
37189920300,21.13
37189920400,61.68
37189920500,70.29
37189920601,79.58
37189920602,43.59
37189920701,23.41
37189920702,21.74
37189920703,29.09
37189920800,29.09
37189920900,26.64
37189921000,12.57
37191000102,17.8
37191000103,39.89
37191000104,16.51
37191000200,46.83
37191000302,30.17
37191000303,25.33
37191000304,27.26
37191000401,23.63
37191000402,37.21
37191000500,100
37191000601,35.88
37191000603,23.3
37191000604,23.53
37191000700,46.38
37191000800,27.44
37191000901,31.76
37191000902,34.54
37191001000,19.65
37191001102,30.89
37191001103,32.31
37191001104,25.02
37191001200,54.8
37191001301,39.3
37191001302,63.55
37191001401,37.52
37191001402,71.2
37191001500,66.81
37191001800,75.12
37191001900,61.08
37191002000,80.67
37193960101,21.19
37193960102,22.37
37193960200,23.97
37193960300,22.58
37193960401,16.75
37193960402,15.82
37193960500,33.97
37193960600,58.94
37193960700,43.38
37193960801,20.17
37193960802,11.33
37193960901,17.85
37193960902,10.93
37193961001,29.94
37193961002,26.25
37193961100,39.21
37193961201,10.84
37193961202,33.53
37195000100,73.33
37195000200,91.53
37195000300,67.18
37195000401,58.48
37195000402,49.58
37195000501,16.05
37195000502,24.89
37195000601,58.8
37195000602,23.21
37195000701,48.94
37195000702,71.28
37195000801,83.3
37195000802,70.2
37195000900,31.85
37195001000,26.38
37195001100,29.37
37195001200,26.45
37195001301,23.71
37195001302,36.33
37195001401,10.75
37195001402,45.23
37195001501,23.58
37195001502,35.19
37195001600,26.16
37195001700,30.58
37197050101,18.01
37197050102,17.78
37197050200,31.26
37197050300,27.02
37197050401,31.17
37197050402,15.63
37197050502,15.82
37197050503,29.45
37197050504,25.07
37199960101,21.23
37199960102,25.86
37199960200,26.91
37199960300,28.55
37199960400,16.61
